alkene,ligand,substrate,ee
C=CC1=CC=CC=C1,CC(C)[C@H]1COC2=[N+]1[Cu](OS(=O)(C(F)(F)F)=O)[N+]3=C2C=CC=C3,[N-]=[N+]=CC(OCC)=O,4
C=CC1=CC=CC=C1,[H]C1=CC(OC)=CC2=[N+]1[Cu](OS(=O)(C(F)(F)F)=O)[N+]3=C2OC[C@H]3C4=CC=CC=C4,[N-]=[N+]=CC(OCC)=O,4
C=CC1=CC=CC=C1,CC1=CC=CC2=[N+]1[Cu](OS(=O)(C(F)(F)F)=O)[N+]3=C2OC[C@H]3C4=CC=CC=C4,[N-]=[N+]=CC(OCC)=O,5
C=CC1=CC=CC=C1,CC(C)[C@H]1COC2=[N+]1[Cu](OS(=O)(C(F)(F)F)=O)[N+]3=C2C=CC=C3C#N,[N-]=[N+]=CC(OCC)=O,8
C=CC1=CC=CC=C1,[H]C1OC(C2=[N+]([Cu]3OS(=O)(C(F)(F)F)=O)C4=C(C=CC5=C4N=CC=C5)C=C2)=[N+]3[C@H]1C,[N-]=[N+]=CC(OCC)=O,9
C=CC1=CC=CC=C1,[H]C1=CC(Cl)=CC2=[N+]1[Cu](OS(=O)(C(F)(F)F)=O)[N+]3=C2OC[C@@H]3C(C)C,[N-]=[N+]=CC(OCC)=O,10
C=CC1=CC=CC=C1,CC(C)(C1=[N+]([Cu]2OS(=O)(C(F)(F)F)=O)C=CC=C1)C3=[N+]2[C@@H](CC4=CC=CC=C4)CO3,O=C(C=[N+]=[N-])O[C@H]1[C@@H]([C@H](C)C2=CC=CC=C2)CC[C@@H](C)C1,14
C=CC1=CC=CC=C1,CC(C)(C1=[N+]([Cu]2OS(=O)(C(F)(F)F)=O)C=CC=C1)C3=[N+]2[C@@H](CC4=CC=CC=C4)CO3,[N-]=[N+]=CC(OC(C1CCCCC1)C2CCCCC2)=O,14
C=CC1=CC=CC=C1,CC(C)(C1=[N+]([Cu]2OS(=O)(C(F)(F)F)=O)C=CC=C1)C3=[N+]2[C@@H](C(C)(C)C)CO3,O=C(C=[N+]=[N-])O[C@H]1[C@@H]([C@H](C)C2=CC=CC=C2)CC[C@@H](C)C1,15
C=CC1=CC=CC=C1,CC(C)(C1=[N+]([Cu]2OS(=O)(C(F)(F)F)=O)C=CC=C1)C3=[N+]2[C@@H](C(C)(C)C)CO3,[N-]=[N+]=CC(OCC)=O,16
C=CC1=CC=CC=C1,CC(C)(C1=[N+]([Cu]2OS(=O)(C(F)(F)F)=O)C=CC=C1)C3=[N+]2[C@@H](CC4=CC=CC=C4)CO3,[N-]=[N+]=CC(OCC)=O,18
C=CC1=CC=C(C2=CC=CC=C2)C=C1,CC(C1=[N+]2CCO1)(C)C3=[N+]([Cu]2OS(=O)(C(F)(F)F)=O)[C@@H](C4=CC=CC=C4)CO3,[N-]=[N+]=CC(OCC)=O,19
C=CC1=CC=CC=C1,CC(C1=[N+]2CCO1)(C)C3=[N+]([Cu]2OS(=O)(C(F)(F)F)=O)[C@@H](C4=CC=CC=C4)CO3,[N-]=[N+]=CC(OCC)=O,20
C=CC1=CC=CC=C1,[H][C@@]1(C2=CC=CC=C2)COC3=[N+]1[Cu]([N+]4=C3C=CC5=C4C=CC=C5)OS(=O)(C(F)(F)F)=O,[N-]=[N+]=CC(OCC)=O,20
C=CC1=CC=CC=C1,[H][C@]1(C(C)(C)C)COC2=[N+]1[Cu]([N+]3=C2C=CC4=C3C=CC=C4)OS(=O)(C(F)(F)F)=O,[N-]=[N+]=CC(OCC)=O,21
C=CC1=CC=CC=C1,CC(C1=[N+]2CCO1)(C)C3=[N+]([Cu]2OS(=O)(C(F)(F)F)=O)[C@@H](C4=CC=CC=C4)CO3,[N-]=[N+]=CC(OC(C)(C)C)=O,25
C=CC1=CC=CC=C1,CC(C1=[N+]2CCO1)(C)C3=[N+]([Cu]2OS(=O)(C(F)(F)F)=O)[C@@H](C(C)(C)C)CO3,[N-]=[N+]=CC(OC(C)(C)C)=O,26
C=CC1=CC=CC=C1,[H]C1=CC(OC)=CC2=[N+]1[Cu](OS(=O)(C(F)(F)F)=O)[N+]3=C2OC[C@@H]3C(C)C,[N-]=[N+]=CC(OCC)=O,26
C=CC1=CC=C(C2=CC=CC=C2)C=C1,CC(C1=[N+]2CCO1)(C)C3=[N+]([Cu]2OS(=O)(C(F)(F)F)=O)[C@@H](C(C)(C)C)CO3,[N-]=[N+]=CC(OCC)=O,27
C=CC1=CC=CC=C1,CC(C)[C@H]1COC2=[N+]1[Cu](OS(=O)(C(F)(F)F)=O)[N+]3=C2C=CC=C3C(C)(C)C,[N-]=[N+]=CC(OCC)=O,27
C=CC1=CC=CC=C1,CC(C)(C)[C@H]1COC2=[N+]1[Cu](OS(=O)(C(F)(F)F)=O)[N+](C=CC=C3)=C3N2,[N-]=[N+]=CC(OCC)=O,28
C=CC1=CC=CC=C1,CC(C1=[N+]2CCO1)(C)C3=[N+]([Cu]2OS(=O)(C(F)(F)F)=O)[C@@H](C(C)(C)C)CO3,[N-]=[N+]=CC(OCC)=O,29
C=CC1=CC=CC=C1,CC(C=C1)=CC=C1C2=CC=CC3=[N+]2[Cu](OS(=O)(C(F)(F)F)=O)[N+]4=C3OCC4,[N-]=[N+]=CC(OCC)=O,29
C=CC1=CC=CC=C1,CC(C=C1)=CC=C1C2=CC=CC3=[N+]2[Cu](OS(=O)(C(F)(F)F)=O)[N+]4=C3OC[C@@H]4C(C)C,[N-]=[N+]=CC(OCC)=O,29
C=CC1=CC=CC=C1,CC(C)[C@H]1COC2=[N+]1[Cu](OS(=O)(C(F)(F)F)=O)[N+](C(C)=CC=C3)=C3N2,[N-]=[N+]=CC(OCC)=O,29
C=CC1=CC=CC=C1,CC(C)[C@H]1COC2=[N+]1[Cu](OS(=O)(C(F)(F)F)=O)[N+](C=CC=C3)=C3N2,[N-]=[N+]=CC(OCC)=O,30
C=CC1=CC=CC=C1,CC(C)(C)[C@H]1COC2=[N+]1[Cu](OS(=O)(C(F)(F)F)=O)[N+](C(C)=CC=C3)=C3N2,[N-]=[N+]=CC(OCC)=O,30
C=CC1=CC=C(C)C=C1,CC(C)(C)[C@H]1COC(C(C)(C)C2=[N+]3[C@@H](C(C)(C)C)CO2)=[N+]1[Cu]3OS(=O)(C(F)(F)F)=O,NS(C1=CC=C(C)C=C1)(=O)=O,32
C=CC1=CC=CC=C1,CC(C1=[N+]2CCO1)(C)C3=[N+]([Cu]2OS(=O)(C(F)(F)F)=O)[C@H]4[C@@H](CC5=C4C=CC=C5)O3,[N-]=[N+]=CC(OCC)=O,33
C=CC1=CC=CC=C1,CC(C)(C)[C@H]1COC(C(C)(C)C2=[N+]3[C@@H](C(C)(C)C)CO2)=[N+]1[Cu]3OS(=O)(C(F)(F)F)=O,NS(C1=CC=C(C=C1)OC)(=O)=O,33
C=CC1=CC=CC=C1,CC1=CC=CC2=[N+]1[Cu](OS(=O)(C(F)(F)F)=O)[N+]3=C2OC[C@H]3C(C)C,[N-]=[N+]=CC(OCC)=O,34
C=CC1=CC=CC=C1Cl,O=S(O[Cu]1[N+]2=C(CC3=[N+]1[C@@H](C4=CC=CC=C4)CO3)OC[C@@H]2C5=CC=CC=C5)(C(F)(F)F)=O,ClC(Cl)(Cl)C(C)(C)OC(NOS(C1=CC=C(C)C=C1)(=O)=O)=O,34
C=CC1=CC=CC=C1,O=S(O[Cu]1[N+]2=C(CC3=[N+]1[C@@H](CC4=CC=CC=C4)CO3)OC[C@@H]2CC5=CC=CC=C5)(C(F)(F)F)=O,[N-]=[N+]=CC(OCC)=O,36
C=CC1=CC(C)=CC=C1,CC(C)(C)[C@H]1COC(C(C)(C)C2=[N+]3[C@@H](C(C)(C)C)CO2)=[N+]1[Cu]3OS(=O)(C(F)(F)F)=O,NS(C1=CC=C(C)C=C1)(=O)=O,37
C=CC1=CC=C(C(F)(F)F)C=C1,CC(C)(C)[C@H]1COC(C(C)(C)C2=[N+]3[C@@H](C(C)(C)C)CO2)=[N+]1[Cu]3OS(=O)(C(F)(F)F)=O,NS(C1=CC=C(C)C=C1)(=O)=O,38
C=CC1=CC=CC=C1,CC(C)[C@H]1COC2=[N+]1[Cu]([N+]3=C2C=CC4=C3C5=C(C=CC=C5)C=C4)OS(=O)(C(F)(F)F)=O,[N-]=[N+]=CC(OCC)=O,39
C=CC1=CC=C(F)C=C1,CC(C)(C)[C@H]1COC(C(C)(C)C2=[N+]3[C@@H](C(C)(C)C)CO2)=[N+]1[Cu]3OS(=O)(C(F)(F)F)=O,NS(C1=CC=C(C)C=C1)(=O)=O,40
C=CC1=CC=CC=C1,O=S(O[Cu]1[N+]2=C(C3(CC(C=CC=C4)=C4C(C=CC=C5)=C5C3)C6=[N+]1[C@H](CC7=CC=CC=C7)CO6)OC[C@H]2CC8=CC=CC=C8)(C(F)(F)F)=O,[N-]=[N+]=CC(OCC)=O,41
C=CC1=CC=CC=C1,CC(C1=[N+]2[C@@H](CO)[C@H](C3=CC=CC=C3)O1)(C)C4=[N+]([Cu]2OS(=O)(C(F)(F)F)=O)[C@@H](CO)[C@H](C5=CC=CC=C5)O4,[N-]=[N+]=CC(OC)=O,42
C=CC1=CC=CC=C1,CC([C@@H]1COC(C2(CC(C=CC=C3)=C3C(C=CC=C4)=C4C2)C5=[N+]6[C@H](C(C)C)CO5)=[N+]1[Cu]6OS(=O)(C(F)(F)F)=O)C,[N-]=[N+]=CC(OCC)=O,42
C=CC1=CC(C)=CC=C1,CC(C)(C)[C@H]1COC(C(C)(C)C2=[N+]3[C@@H](C(C)(C)C)CO2)=[N+]1[Cu]3OS(=O)(C(F)(F)F)=O,NS(C1=CC=C(Cl)C=C1)(=O)=O,42
C=CC1=CC=CC=C1,CC1=CC=CC2=[N+]1[Cu](OS(=O)(C(F)(F)F)=O)[N+]3=C2OC[C@H]3C(C)(C)C,[N-]=[N+]=CC(OCC)=O,43
C=CC1=CC=C(C(F)(F)F)C=C1,CC(C)(C)[C@H]1COC(C(C)(C)C2=[N+]3[C@@H](C(C)(C)C)CO2)=[N+]1[Cu]3OS(=O)(C(F)(F)F)=O,NS(C1=CC=C(Cl)C=C1)(=O)=O,43
C=CC1=CC=C(C)C=C1,CC(C)(C)[C@H]1COC(C(C)(C)C2=[N+]3[C@@H](C(C)(C)C)CO2)=[N+]1[Cu]3OS(=O)(C(F)(F)F)=O,NS(C1=CC=C(Cl)C=C1)(=O)=O,43
C=CC1=CC=CC=C1,CC(C)(C)[C@H]1COC(C(C)(C)C2=[N+]3[C@@H](C(C)(C)C)CO2)=[N+]1[Cu]3OS(=O)(C(F)(F)F)=O,NS(C1=CC=C(C(C)(C)C)C=C1)(=O)=O,44
C=CC1=CC=CC=C1,CC(C)(C)[C@H]1COC2=[N+]1[Cu]([N+]3=C2C=CC4=C3C5=C(C=CC=C5)C=C4)OS(=O)(C(F)(F)F)=O,[N-]=[N+]=CC(OCC)=O,45
C=CC1=CC=C(C)C=C1,CC(C)(C)[C@H]1COC(C(C)(C)C2=[N+]3[C@@H](C(C)(C)C)CO2)=[N+]1[Cu]3OS(=O)(C(F)(F)F)=O,NS(C1=CC=C([N+]([O-])=O)C=C1)(=O)=O,45
C=CC1=CC([N+]([O-])=O)=CC=C1,CC(C)(C)[C@H]1COC(C(C)(C)C2=[N+]3[C@@H](C(C)(C)C)CO2)=[N+]1[Cu]3OS(=O)(C(F)(F)F)=O,NS(C1=CC=C(C)C=C1)(=O)=O,45
C=CC1=CC=CC=C1,CC(C1=[N+]2[C@@H](COC(C)=O)[C@H](C3=CC=CC=C3)O1)(C)C4=[N+]([Cu]2OS(=O)(C(F)(F)F)=O)[C@@H](COC(C)=O)[C@H](C5=CC=CC=C5)O4,[N-]=[N+]=CC(OC)=O,46
C=CC1=CC=C([N+]([O-])=O)C=C1,CC(C1=[N+]2C(C(C=CC=C3)=C3C4)C4O1)(C)C5=[N+]([Cu]2OS(=O)(C(F)(F)F)=O)[C@@H]6[C@@H](CC7=C6C=CC=C7)O5,ClC(Cl)(Cl)COC(NOS(C1=CC=C(C)C=C1)(=O)=O)=O,46
C=CC1=CC=C([N+]([O-])=O)C=C1,CC(C)[C@H]1COC(C(C)(C)C2=[N+]3[C@@H](C(C)C)CO2)=[N+]1[Cu]3OS(=O)(C(F)(F)F)=O,ClC(Cl)(Cl)COC(NOS(C1=CC=C(C)C=C1)(=O)=O)=O,46
C=CC1=CC=CC=C1,OC[C@@H]1COC(CC2=[N+]3[C@H](CO)CO2)=[N+]1[Cu]3OS(=O)(C(F)(F)F)=O,[N-]=[N+]=CC(OCC)=O,48
C=CC1=CC=CC=C1,CC(C)(C)[C@H]1COC(C(C)(C)C2=[N+]3[C@@H](C(C)(C)C)CO2)=[N+]1[Cu]3OS(=O)(C(F)(F)F)=O,NS(C1=CC=C(C)C=C1)(=O)=O,48
C=CC1=CC([N+]([O-])=O)=CC=C1,CC(C)(C)[C@H]1COC(C(C)(C)C2=[N+]3[C@@H](C(C)(C)C)CO2)=[N+]1[Cu]3OS(=O)(C(F)(F)F)=O,NS(C1=CC=C(Cl)C=C1)(=O)=O,48
C=CC1=CC=CC=C1,[H]C1([H])O[C@@H](C2=[N+]3[C@@H](C(C)C)CO2)[C@H](C4=[N+]([Cu]3OS(=O)(C(F)(F)F)=O)[C@@H](C(C)C)CO4)O1,[N-]=[N+]=CC(OCC)=O,50
C=CC1=CC=CC=C1,CC1=CC(OC)=CC2=[N+]1[Cu](OS(=O)(C(F)(F)F)=O)[N+]3=C2OC[C@@H]3C(C)(C)C,[N-]=[N+]=CC(OCC)=O,50
O=C(C)OC/C=C(C)\C,O=S(O[Cu]1[N+]2=C(CC3=[N+]1[C@@H](C4=CC=CC=C4)CO3)OC[C@@H]2C5=CC=CC=C5)(C(F)(F)F)=O,[N-]=[N+]=CC(OCC)=O,50
C=CC1=CC=C([N+]([O-])=O)C=C1,CC(C1=[N+]2[C@@H](C3=CC=CC=C3)CO1)(C)C4=[N+]([Cu]2OS(=O)(C(F)(F)F)=O)[C@@H](C5=CC=CC=C5)CO4,ClC(Cl)(Cl)COC(NOS(C1=CC=C(C)C=C1)(=O)=O)=O,50
C=CC1=CC=CC=C1Cl,CC(C1=[N+]2C(C(C=CC=C3)=C3C4)C4O1)(C)C5=[N+]([Cu]2OS(=O)(C(F)(F)F)=O)[C@@H]6[C@@H](CC7=C6C=CC=C7)O5,ClC(Cl)(Cl)C(C1=CC=CC=C1)OC(NOS(C2=CC=C(C)C=C2)(=O)=O)=O,50
C=CC1=CC=CC=C1,CC(C)(C)[C@H]1COC(C(C)(C)C2=[N+]3[C@@H](C(C)(C)C)CO2)=[N+]1[Cu]3OS(=O)(C(F)(F)F)=O,NS(C1=CC=CC=C1)(=O)=O,50
C=CC1=CC=CC=C1,CC(C1=[N+]2[C@@H](C3=CC=CC=C3)C(C4=CC=C(C)C=C4)(C5=CC=C(C)C=C5)O1)(C)C6=[N+]([Cu]2OS(=O)(C(F)(F)F)=O)[C@@H](C7=CC=CC=C7)C(C8=CC=C(C)C=C8)(C9=CC=C(C)C=C9)O6,[N-]=[N+]=CC(OCC)=O,51
C=CC1=CC=C(F)C=C1,CC(C)(C)[C@H]1COC(C(C)(C)C2=[N+]3[C@@H](C(C)(C)C)CO2)=[N+]1[Cu]3OS(=O)(C(F)(F)F)=O,NS(C1=CC=C(Cl)C=C1)(=O)=O,51
C=CC1=CC=C(C(F)(F)F)C=C1,CC(C)(C)[C@H]1COC(C(C)(C)C2=[N+]3[C@@H](C(C)(C)C)CO2)=[N+]1[Cu]3OS(=O)(C(F)(F)F)=O,NS(C1=CC=C([N+]([O-])=O)C=C1)(=O)=O,51
C=CC1=CC=CC=C1,CC(C)(C)[C@H]1COC(C(C)(C)C2=[N+]3[C@@H](C(C)(C)C)CO2)=[N+]1[Cu]3OS(=O)(C(F)(F)F)=O,NS(C1=CC=C(Cl)C=C1)(=O)=O,52
C=CC1=CC([N+]([O-])=O)=CC=C1,CC(C)(C)[C@H]1COC(C(C)(C)C2=[N+]3[C@@H](C(C)(C)C)CO2)=[N+]1[Cu]3OS(=O)(C(F)(F)F)=O,NS(C1=CC=C([N+]([O-])=O)C=C1)(=O)=O,52
C=CC1=CC=CC=C1,CC(C1=[N+]2[C@@H](C(C)(C)C)C(C3=CC=C(C)C=C3)(C4=CC=C(C)C=C4)O1)(C)C5=[N+]([Cu]2OS(=O)(C(F)(F)F)=O)[C@@H](C(C)(C)C)C(C6=CC=C(C)C=C6)(C7=CC=C(C)C=C7)O5,[N-]=[N+]=CC(OCC)=O,55
C=CC1=CC=CC=C1Cl,CC1(C)OC(C(C)(C)C2=[N+]3[C@H](C4=CC=CC=C4)C(C)(C)O2)=[N+]([Cu]3OS(=O)(C(F)(F)F)=O)[C@@H]1C5=CC=CC=C5,ClC(Cl)(Cl)C(C)(C)OC(NOS(C1=CC=C(C)C=C1)(=O)=O)=O,56
C=CC1=CC=CC=C1Cl,CC1(C)OC(C(CC)(CC)C2=[N+]3[C@@H](C4=CC=CC=C4)C(C)(C)O2)=[N+]([Cu]3OS(=O)(C(F)(F)F)=O)[C@H]1C5=CC=CC=C5,ClC(Cl)(Cl)C(C)(C)OC(NOS(C1=CC=C(C)C=C1)(=O)=O)=O,56
C=CC1=CC(C)=CC=C1,CC(C)(C)[C@H]1COC(C(C)(C)C2=[N+]3[C@@H](C(C)(C)C)CO2)=[N+]1[Cu]3OS(=O)(C(F)(F)F)=O,NS(C1=CC=C([N+]([O-])=O)C=C1)(=O)=O,57
C=CC1=CC=CC=C1Cl,CC1(C)OC(C2(CCCC2)C3=[N+]4[C@@H](C5=CC=CC=C5)C(C)(C)O3)=[N+]([Cu]4OS(=O)(C(F)(F)F)=O)[C@H]1C6=CC=CC=C6,ClC(Cl)(Cl)C(C)(C)OC(NOS(C1=CC=C(C)C=C1)(=O)=O)=O,58
C=CC1=CC=CC=C1,CC(C1=[N+]2[C@@H](C(C)C)C(C3=CC=C(C)C=C3)(C4=CC=C(C)C=C4)O1)(C)C5=[N+]([Cu]2OS(=O)(C(F)(F)F)=O)[C@@H](C(C)C)C(C6=CC=C(C)C=C6)(C7=CC=C(C)C=C7)O5,[N-]=[N+]=CC(OCC)=O,59
C=CC1=CC=CC=C1,O=S(O[Cu]([N+]1=C2OC[C@@H]1C(C)C)[N+]3=C(CC2)OC[C@@H]3C(C)C)(C(F)(F)F)=O,[N-]=[N+]=CC(OCC)=O,59
C=CC1=CC=C(Br)C=C1,CC(C1=[N+]2[C@@H](C3=CC=CC=C3)CO1)(C)C4=[N+]([Cu]2OS(=O)(C(F)(F)F)=O)[C@@H](C5=CC=CC=C5)CO4,O=S(/N=I/C1=CC=CC=C1)(C2=CC=C([N+]([O-])=O)C=C2)=O,59
O=C1N(/C(O[Si](C)(C)C(C)(C)C)=C/C)CCO1,CC(C)[C@H]1COC(C(C)(C)C2=[N+]3[C@@H](C(C)C)CO2)=[N+]1[Cu]3OS(=O)(C(F)(F)F)=O,O=S([O-])(C(F)(F)F)=O,59
C=CC1=CC=CC=C1,O=S(O[Cu]1[N+]2=C(CC3=[N+]1[C@@H](C4=CC=CC=C4)CO3)OC[C@@H]2C5=CC=CC=C5)(C(F)(F)F)=O,[N-]=[N+]=CC(OCC)=O,60
C=CC1=CC=CC=C1,O=S(O[Cu]1[N+]2=C(C3(CC(C=CC=C4)=C4C(C=CC=C5)=C5C3)C6=[N+]1[C@@H](C7=CC=CC=C7)CO6)OC[C@@H]2C8=CC=CC=C8)(C(F)(F)F)=O,[N-]=[N+]=CC(OCC)=O,60
C=CC1=CC=C([N+]([O-])=O)C=C1,CC1(C)OC(C(C)(C)C2=[N+]3[C@H](C4=CC=CC=C4)C(C)(C)O2)=[N+]([Cu]3OS(=O)(C(F)(F)F)=O)[C@@H]1C5=CC=CC=C5,O=C(NOS(C1=CC=C(C)C=C1)(=O)=O)OC(CCl)CCl,60
C=CC1=CC=CC=C1Cl,CC(C1=[N+]2[C@@H](C3=CC=CC=C3)CO1)(C)C4=[N+]([Cu]2OS(=O)(C(F)(F)F)=O)[C@@H](C5=CC=CC=C5)CO4,ClC(Cl)(Cl)C(C1=CC=CC=C1)OC(NOS(C2=CC=C(C)C=C2)(=O)=O)=O,60
C=CC1=CC=CC=C1Cl,CC1(C)OC(CC2=[N+]3[C@H](C4=CC=CC=C4)C(C)(C)O2)=[N+]([Cu]3OS(=O)(C(F)(F)F)=O)[C@@H]1C5=CC=CC=C5,ClC(Cl)(Cl)C(C1=CC=CC=C1)OC(NOS(C2=CC=C(C)C=C2)(=O)=O)=O,60
O=C1/C(C(OC(C)(C)O1)=O)=C(C)\C=C\C2=CC=C(C)C=C2,O=C(O[Pd]1(OC(C(F)(F)F)=O)[N+]2=CC=CC=C2C3=[N+]1[C@@H](C(C=CC=C4)=C4C5)C5O3)C(F)(F)F,OB(C1=CC=CC=C1)O,60
C=CC1=CC=CC=C1,O=S(O[Cu]1[N+]2=C(C3(CC(C=CC=C4)=C4C(C=CC=C5)=C5C3)C6=[N+]1[C@H](C7=CC=CC=C7)CO6)OC[C@H]2C8=CC=CC=C8)(C(F)(F)F)=O,[N-]=[N+]=CC(OCC)=O,61
C=CC1=CC=C(Cl)C=C1,CC1(C)OC(C(C)(C)C2=[N+]3[C@H](C4=CC=CC=C4)C(C)(C)O2)=[N+]([Cu]3OS(=O)(C(F)(F)F)=O)[C@@H]1C5=CC=CC=C5,ClC(Cl)(Cl)C(C1=CC=CC=C1)OC(NOS(C2=CC=C(C)C=C2)(=O)=O)=O,62
C=CC1=CC=C(Br)C=C1,CC1(C)OC(C(C)(C)C2=[N+]3[C@H](C4=CC=CC=C4)C(C)(C)O2)=[N+]([Cu]3OS(=O)(C(F)(F)F)=O)[C@@H]1C5=CC=CC=C5,ClC(Cl)(Cl)C(C1=CC=CC=C1)OC(NOS(C2=CC=C(C)C=C2)(=O)=O)=O,62
C=CC1=CC(Br)=CC=C1,CC1(C)OC(C(C)(C)C2=[N+]3[C@H](C4=CC=CC=C4)C(C)(C)O2)=[N+]([Cu]3OS(=O)(C(F)(F)F)=O)[C@@H]1C5=CC=CC=C5,ClC(Cl)(Cl)C(C1=CC=CC=C1)OC(NOS(C2=CC=C(C)C=C2)(=O)=O)=O,62
C=CC1=CC=C(C2=CC=CC=C2)C=C1,CC(C1=[N+]2[C@@H](C3=CC=CC=C3)CO1)(C)C4=[N+]([Cu]2OS(=O)(C(F)(F)F)=O)[C@@H](C5=CC=CC=C5)CO4,[N-]=[N+]=CC(OCC)=O,63
C=CC1=CC=CC=C1,CC(C[C@@H]1COC(C2(CC(C=CC=C3)=C3C(C=CC=C4)=C4C2)C5=[N+]6[C@H](CC(C)C)CO5)=[N+]1[Cu]6OS(=O)(C(F)(F)F)=O)C,[N-]=[N+]=CC(OCC)=O,63
C=CC1=CC=CC=C1,CC(C)(C)[C@H]1COC(C(C)(C)C2=[N+]3[C@@H](C(C)(C)C)CO2)=[N+]1[Cu]3OS(=O)(C(F)(F)F)=O,O=S(/N=I/C1=CC=CC=C1)(C2=CC=C(C)C=C2)=O,63
C=CC1=CC=CC=C1,CC(C)[C@H]1COC(CC2=[N+]3[C@@H](C(C)C)CO2)=[N+]1[Cu]3OS(=O)(C(F)(F)F)=O,[N-]=[N+]=CC(OCC)=O,64
C=COC(C)=O,CC1(C)O[C@@H](C2=[N+]3[C@@H](C(C)C)CO2)[C@H](C4=[N+]([Cu]3OS(=O)(C(F)(F)F)=O)[C@@H](C(C)C)CO4)O1,[N-]=[N+]=CC(OCC)=O,64
C=CC1=CC(C#N)=CC=C1,CC1(C)OC(C(C)(C)C2=[N+]3[C@H](C4=CC=CC=C4)C(C)(C)O2)=[N+]([Cu]3OS(=O)(C(F)(F)F)=O)[C@@H]1C5=CC=CC=C5,ClC(Cl)(Cl)C(C1=CC=CC=C1)OC(NOS(C2=CC=C(C)C=C2)(=O)=O)=O,64
C=CC1=CC=CC=C1,CC(C1=[N+]2[C@@H](CC3=CC=CC=C3)CO1)(C)C4=[N+]([Cu]2OS(=O)(C(F)(F)F)=O)[C@@H](CC5=CC=CC=C5)CO4,[N-]=[N+]=CC(OCC)=O,65
C=CC1=CC=C(Br)C=C1,CC(C)(C)[C@H]1COC(C(C)(C)C2=[N+]3[C@@H](C(C)(C)C)CO2)=[N+]1[Cu]3OS(=O)(C(F)(F)F)=O,C[Si](C=[N+]=[N-])(C)C,66
C=CC1=CC=CC=C1,C[C@H]1COC(C(C)(C)C2=[N+]3[C@@H](C)CO2)=[N+]1[Cu]3OS(=O)(C(F)(F)F)=O,[N-]=[N+]=CC(OCC)=O,66
C=CC1=CC=CC=C1,[H]C1(C2=CC=CC=C2)O[C@@H](C3=[N+]4[C@@H](C(C)C)CO3)[C@H](C5=[N+]([Cu]4OS(=O)(C(F)(F)F)=O)[C@@H](C(C)C)CO5)O1,[N-]=[N+]=CC(OCC)=O,66
C/C(C)=C\CO[Si](C)(C)C,CC(C1=[N+]2[C@@H](C3=CC=CC=C3)CO1)(C)C4=[N+]([Cu]2OS(=O)(C(F)(F)F)=O)[C@@H](C5=CC=CC=C5)CO4,[N-]=[N+]=CC(OCC)=O,66
C=CC1=CC=C(C)C=C1,CC(C1=[N+]2[C@@H](C3=CC=CC=C3)CO1)(C)C4=[N+]([Cu]2OS(=O)(C(F)(F)F)=O)[C@@H](C5=CC=CC=C5)CO4,O=S(/N=I/C1=CC=CC=C1)(C2=CC=C([N+]([O-])=O)C=C2)=O,66
C=CC1=CC=CC=C1,CC(C1=[N+]2[C@@H](C3=CC=CC=C3)CO1)(C)C4=[N+]([Cu]2OS(=O)(C(F)(F)F)=O)[C@@H](C5=CC=CC=C5)CO4,[N-]=[N+]=CC(OCC)=O,67
C=CC1=CC=C(Cl)C=C1,CC(C)(C)[C@H]1COC(C(C)(C)C2=[N+]3[C@@H](C(C)(C)C)CO2)=[N+]1[Cu]3OS(=O)(C(F)(F)F)=O,C[Si](C=[N+]=[N-])(C)C,67
O=C(C)OC/C=C(C)\C,CC(C)(C)[C@H]1COC(C(C)(C)C2=[N+]3[C@@H](C(C)(C)C)CO2)=[N+]1[Cu]3OS(=O)(C(F)(F)F)=O,[N-]=[N+]=CC(OCC)=O,67
C=CC1=CC=CC=C1,CC1(C)O[C@H](C2=[N+]3[C@@H](C(C)C)CO2)[C@@H](C4=[N+]([Cu]3OS(=O)(C(F)(F)F)=O)[C@@H](C(C)C)CO4)O1,[N-]=[N+]=CC(OCC)=O,68
C=CC1=CC(Cl)=CC=C1,CC1(C)OC(C(C)(C)C2=[N+]3[C@H](C4=CC=CC=C4)C(C)(C)O2)=[N+]([Cu]3OS(=O)(C(F)(F)F)=O)[C@@H]1C5=CC=CC=C5,ClC(Cl)(Cl)C(C1=CC=CC=C1)OC(NOS(C2=CC=C(C)C=C2)(=O)=O)=O,68
C=CC1=CC=CC=C1Br,CC(C1=[N+]2[C@@H](C3=CC=CC=C3)CO1)(C)C4=[N+]([Cu]2OS(=O)(C(F)(F)F)=O)[C@@H](C5=CC=CC=C5)CO4,O=S(/N=I/C1=CC=CC=C1)(C2=CC=C([N+]([O-])=O)C=C2)=O,68
C=CC1=C(C)C=CC=C1,CC(C1=[N+]2[C@@H](C3=CC=CC=C3)CO1)(C)C4=[N+]([Cu]2OS(=O)(C(F)(F)F)=O)[C@@H](C5=CC=CC=C5)CO4,O=S(/N=I/C1=CC=CC=C1)(C2=CC=C([N+]([O-])=O)C=C2)=O,68
C=CC1=CC([N+]([O-])=O)=CC=C1,CC(C1=[N+]2[C@@H](C3=CC=CC=C3)CO1)(C)C4=[N+]([Cu]2OS(=O)(C(F)(F)F)=O)[C@@H](C5=CC=CC=C5)CO4,O=S(/N=I/C1=CC=CC=C1)(C2=CC=C([N+]([O-])=O)C=C2)=O,68
FC(C1=CC=CC=C1)=C,CC(C)[C@H]1COC(C(C)(C)C2=[N+]3[C@@H](C(C)C)CO2)=[N+]1[Cu]3OS(=O)(C(F)(F)F)=O,[N-]=[N+]=CC(OCC)=O,69
C=CC1=CC=CC=C1,CC(C)(C)[C@H]1COC(C(C)(C)C2=[N+]3[C@@H](C(C)(C)C)CO2)=[N+]1[Cu]3OS(=O)(C(F)(F)F)=O,C[Si](C=[N+]=[N-])(C)C,69
C=CC1=CC=CC=C1,CC([C@H]1COC([C@H]2[C@H]3OC(C4=CC=CC=C4)(C)O2)=[N+]1[Cu](OS(=O)(C(F)(F)F)=O)[N+]5=C3OC[C@@H]5C(C)C)C,[N-]=[N+]=CC(OCC)=O,69
O=C(C)OC/C=C(C)\C,CC(C1=[N+]2[C@@H](C3=CC=CC=C3)CO1)(C)C4=[N+]([Cu]2OS(=O)(C(F)(F)F)=O)[C@@H](C5=CC=CC=C5)CO4,[N-]=[N+]=CC(OCC)=O,69
FC(C1=CC=CC=C1)=C,CC1(C)O[C@@H](C2=[N+]3[C@@H](C(C)C)CO2)[C@H](C4=[N+]([Cu]3OS(=O)(C(F)(F)F)=O)[C@@H](C(C)C)CO4)O1,[N-]=[N+]=CC(OCC)=O,70
C=CC1=CC=CC=C1,CC(C1=[N+]2[C@@H](C3=CC=CC=C3)CO1)(C)C4=[N+]([Cu]2OS(=O)(C(F)(F)F)=O)[C@@H](C5=CC=CC=C5)CO4,[N-]=[N+]=CC(OC(C)(C)C)=O,70
C/C=C/C1=CC=CC=C1,CC(C)(C)[C@H]1COC(C(C)(C)C2=[N+]3[C@@H](C(C)(C)C)CO2)=[N+]1[Cu]3OS(=O)(C(F)(F)F)=O,O=S(/N=I/C1=CC=CC=C1)(C2=CC=C(C)C=C2)=O,70
O=C1/C(C(OC(C)(C)O1)=O)=C(C)\C=C\C2=CC=C(C)C=C2,CC1=CC(C(C=C2)=CC3=C2CC4[C@H]3[N+]5=C(C6=CC=CC=[N+]6[Pd]5(OC(C(F)(F)F)=O)OC(C(F)(F)F)=O)O4)=CC(C)=C1,OB(C1=CC=CC=C1)O,70
C=CC1=CC=CC=C1,CC(C1=[N+]([Cu]2OS(=O)(C(F)(F)F)=O)[C@H]([C@@H](OC(C)=O)[C@H](OC(C)=O)[C@@H](COC(C)=O)O3)[C@H]3O1)(C)C4=[N+]2[C@H]5[C@H](O[C@H](COC(C)=O)[C@@H](OC(C)=O)[C@@H]5OC(C)=O)O4,[N-]=[N+]=CC(OCC)=O,71
C=CC1=CC=CC=C1,CC(C1=[N+]2[C@@H](CC3=CC=CC=C3)C(C4=CC=C(C=CC=C5)C5=C4)(C6=CC(C=CC=C7)=C7C=C6)O1)(C)C8=[N+]([Cu]2OS(=O)(C(F)(F)F)=O)[C@@H](CC9=CC=CC=C9)C(C%10=CC(C=CC=C%11)=C%11C=C%10)(C%12=CC=C(C=CC=C%13)C%13=C%12)O8,[N-]=[N+]=CC(OCC)=O,72
C/C(C)=C/C=C(C)/C,C[C@@H]1[C@H](C2=CC=CC=C2)OC(CC3=[N+]4[C@H](C)[C@H](C5=CC=CC=C5)O3)=[N+]1[Cu]4OS(=O)(C(F)(F)F)=O,O=C(C=[N+]=[N-])O[C@H]1[C@@H]([C@H](C)C2=CC=CC=C2)CC[C@@H](C)C1,72
C=CC1=CC=C([N+]([O-])=O)C=C1,CC1(C)OC(C(C)(C)C2=[N+]3[C@H](C4=CC=CC=C4)C(C)(C)O2)=[N+]([Cu]3OS(=O)(C(F)(F)F)=O)[C@@H]1C5=CC=CC=C5,ClC(Cl)(Cl)COC(NOS(C1=CC=C(C)C=C1)(=O)=O)=O,72
C=CC1=CC=C([N+]([O-])=O)C=C1,CC1(C)OC(C(C)(C)C2=[N+]3[C@H](C4=CC=CC=C4)C(C)(C)O2)=[N+]([Cu]3OS(=O)(C(F)(F)F)=O)[C@@H]1C5=CC=CC=C5,FC(F)(F)C(C)(C)OC(NOS(C1=CC=C(C)C=C1)(=O)=O)=O,72
C=CC1=CC(Cl)=CC=C1,CC(C1=[N+]2[C@@H](C3=CC=CC=C3)CO1)(C)C4=[N+]([Cu]2OS(=O)(C(F)(F)F)=O)[C@@H](C5=CC=CC=C5)CO4,O=S(/N=I/C1=CC=CC=C1)(C2=CC=C([N+]([O-])=O)C=C2)=O,72
O=C(C)OC/C=C(C)\C,CC(C)[C@H]1COC(C(C)(C)C2=[N+]3[C@@H](C(C)C)CO2)=[N+]1[Cu]3OS(=O)(C(F)(F)F)=O,[N-]=[N+]=CC(OCC)=O,73
C=CC1=CC=CC=C1,CC([C@H]1COC([C@H]2[C@H]3OC(CC)(CC)O2)=[N+]1[Cu](OS(=O)(C(F)(F)F)=O)[N+]4=C3OC[C@@H]4C(C)C)C,[N-]=[N+]=CC(OCC)=O,74
C=COC(C)=O,CC1(C)O[C@@H](C2=[N+]3[C@@H](C(C)C)CO2)[C@H](C4=[N+]([Cu]3OS(=O)(C(F)(F)F)=O)[C@@H](C(C)C)CO4)O1,O=C(C=[N+]=[N-])O[C@H]1[C@@H]([C@H](C)C2=CC=CC=C2)CC[C@@H](C)C1,74
C/C(C)=C\CO[Si](C)(C)C,CC(C)[C@H]1COC(C(C)(C)C2=[N+]3[C@@H](C(C)C)CO2)=[N+]1[Cu]3OS(=O)(C(F)(F)F)=O,[N-]=[N+]=CC(OCC)=O,74
O=C1/C(C(OC(C)(C)O1)=O)=C(C)\C=C\C2=CC=C(C)C=C2,CC(C)(C)[C@H]1COC(C2=CC=CC=[N+]23)=[N+]1[Pd]3(OC(C(F)(F)F)=O)OC(C(F)(F)F)=O,OB(C1=CC=CC=C1)O,74
O=C1C=C(C)CCC1,CC(C)(C)[C@H]1COC(C2=CC=CC=[N+]23)=[N+]1[Pd]3(OC(C(F)(F)F)=O)OC(C(F)(F)F)=O,OB(C1=CC=C(OCC2=CC=CC=C2)C=C1)O,74
C=CC1=CC=CC=C1,CC(C[C@@H]1COC(C2(CC(C=CC=C3)=C3C(C=CC=C4)=C4C2)C5=[N+]6[C@H](CC(C)C)CO5)=[N+]1[Cu]6OS(=O)(C(F)(F)F)=O)C,[N-]=[N+]=CC(OC(C)(C)C)=O,76
C/C(C)=C\CO[Si](C)(C)C,CC(C)(C)[C@H]1COC(C(C)(C)C2=[N+]3[C@@H](C(C)(C)C)CO2)=[N+]1[Cu]3OS(=O)(C(F)(F)F)=O,[N-]=[N+]=CC(OCC)=O,76
C=CC1=CC=C(OC)C=C1,CC(C1=[N+]2[C@@H](C3=CC=CC=C3)CO1)(C)C4=[N+]([Cu]2OS(=O)(C(F)(F)F)=O)[C@@H](C5=CC=CC=C5)CO4,O=S(/N=I/C1=CC=CC=C1)(C2=CC=C([N+]([O-])=O)C=C2)=O,76
O=C(C1=CC=C(C(C)C)C=C1)/C=C/C2=CC=C([H])C=C2,CC(C1=[N+]2[C@@H](C3=CC=CC=C3)CO1)(C)C4=[N+]([Cu]2OS(=O)(C(F)(F)F)=O)[C@@H](C5=CC=CC=C5)CO4,O=S(/N=I/C1=CC=CC=C1)(C2=CC=C(C)C=C2)=O,76
O=C1/C(C(OC(C)(C)O1)=O)=C(C)\C=C\C2=CC=C(C)C=C2,O=C(O[Pd]1(OC(C(F)(F)F)=O)[N+]2=CC=CC=C2C3=[N+]1[C@@H](C(C=C(C4CCCCC4)C=C5)=C5C6)C6O3)C(F)(F)F,OB(C1=CC=CC=C1)O,76
O=C1C=COC2=CC=CC=C21,CC(C)(C)[C@H]1COC(C2=CC=CC=[N+]23)=[N+]1[Pd]3(OC(C(F)(F)F)=O)OC(C(F)(F)F)=O,FC1=C(B(O)O)C=CC=C1,76
C=CC1=CC=CC=C1,CC1(C)O[C@@H](C2=[N+]3[C@@H]([C@H](C)CC)CO2)[C@H](C4=[N+]([Cu]3OS(=O)(C(F)(F)F)=O)[C@@H]([C@@H](CC)C)CO4)O1,[N-]=[N+]=CC(OCC)=O,77
CC(C)(C)C(C)=C,CC(C)(C)[C@H]1COC(CC2=[N+]3[C@@H](C(C)(C)C)CO2)=[N+]1[Cu]3OS(=O)(C(F)(F)F)=O,O=C(C=[N+]=[N-])O[C@@H]1[C@H]([C@@H](C)C2=CC=CC=C2)CC[C@H](C)C1,77
O=C1C=COC2=CC=CC=C21,CC(C)(C)[C@H]1COC(C2=CC=CC=[N+]23)=[N+]1[Pd]3(OC(C(F)(F)F)=O)OC(C(F)(F)F)=O,OB(C1=CC=CC2=C1OC3=C2C=CC=C3)O,77
C=CC1=CC=CC=C1Cl,CC1(C)OC(C2(CCCCC2)C3=[N+]4[C@@H](C5=CC=CC=C5)C(C)(C)O3)=[N+]([Cu]4OS(=O)(C(F)(F)F)=O)[C@H]1C6=CC=CC=C6,ClC(Cl)(Cl)C(C1=CC=CC=C1)OC(NOS(C2=CC=C(C)C=C2)(=O)=O)=O,78
C=CC1=CC([N+]([O-])=O)=CC=C1,CC1(C)OC(C(C)(C)C2=[N+]3[C@H](C4=CC=CC=C4)C(C)(C)O2)=[N+]([Cu]3OS(=O)(C(F)(F)F)=O)[C@@H]1C5=CC=CC=C5,ClC(Cl)(Cl)C(C1=CC=CC=C1)OC(NOS(C2=CC=C(C)C=C2)(=O)=O)=O,78
C=CC1=CC=CC=C1Br,CC1(C)OC(C(C)(C)C2=[N+]3[C@H](C4=CC=CC=C4)C(C)(C)O2)=[N+]([Cu]3OS(=O)(C(F)(F)F)=O)[C@@H]1C5=CC=CC=C5,ClC(Cl)(Cl)C(C1=CC=CC=C1)OC(NOS(C2=CC=C(C)C=C2)(=O)=O)=O,78
O=C1/C(C(OC(C)(C)O1)=O)=C(C)\C=C\C2=CC=C(C)C=C2,CC(C)(C)C1=CC(C(C)(C)C)=CC(C(C=C2)=CC3=C2CC4[C@H]3[N+]5=C(C6=CC=CC=[N+]6[Pd]5(OC(C(F)(F)F)=O)OC(C(F)(F)F)=O)O4)=C1,OB(C1=CC=CC=C1)O,79
O=C1C=C(C(C)C)CCC1,CC(C)(C)[C@H]1COC(C2=CC=CC=[N+]23)=[N+]1[Pd]3(OC(C(F)(F)F)=O)OC(C(F)(F)F)=O,OB(C1=CC=CC=C1)O,79
CC(C)(C)C(C)=C,CC(C)(C)[C@H]1COC(CC2=[N+]3[C@@H](C(C)(C)C)CO2)=[N+]1[Cu]3OS(=O)(C(F)(F)F)=O,O=C(C=[N+]=[N-])O[C@H]1[C@@H]([C@H](C)C2=CC=CC=C2)CC[C@@H](C)C1,80
C=CC1=CC=CC=C1Cl,CC1(C)OC(C2(CCCC2)C3=[N+]4[C@@H](C5=CC=CC=C5)C(C)(C)O3)=[N+]([Cu]4OS(=O)(C(F)(F)F)=O)[C@H]1C6=CC=CC=C6,ClC(Cl)(Cl)C(C1=CC=CC=C1)OC(NOS(C2=CC=C(C)C=C2)(=O)=O)=O,80
C=CC1=CC=CC=C1Cl,CC1(OC2=[N+]([C@H]1C3=CC=CC=C3)[Cu](OS(=O)(C(F)(F)F)=O)[N+]([C@H](C(C)(O4)C)C5=CC=CC=C5)=C4C26CC6)C,ClC(Cl)(Cl)C(C1=CC=CC=C1)OC(NOS(C2=CC=C(C)C=C2)(=O)=O)=O,80
C=CC1=CC(C)=CC=C1,CC(C1=[N+]2[C@@H](C3=CC=CC=C3)CO1)(C)C4=[N+]([Cu]2OS(=O)(C(F)(F)F)=O)[C@@H](C5=CC=CC=C5)CO4,O=S(/N=I/C1=CC=CC=C1)(C2=CC=C([N+]([O-])=O)C=C2)=O,80
O=C(C1=CC=CC=C1)/C=C/C2=CC=C([H])C=C2,O=S(O[Cu]([N+]1=C(OC[C@@H]1C2=CC=CC=C2)[C@H]3[C@@H]4CCCC3)[N+]5=C4OC[C@@H]5C6=CC=CC=C6)(C(F)(F)F)=O,O=S(/N=I/C1=CC=CC=C1)(C2=CC=C(C)C=C2)=O,80
O=C(C1=CC=CC=C1)/C=C/C2=CC=C(C(F)(F)F)C=C2,O=S(O[Cu]([N+]1=C2OC[C@@H]1C3=CC=CC=C3)[N+]4=C([C@@H]5[C@@H]2CCCC5)OC[C@@H]4C6=CC=CC=C6)(C(F)(F)F)=O,O=S(/N=I/C1=CC=CC=C1)(C2=CC=C(C)C=C2)=O,80
O=C1C=CN(C(OCC2=CC=CC=C2)=O)C3=CC=CC=C31,CC(C)(C)[C@H]1COC(C2=CC=CC=[N+]23)=[N+]1[Pd]3(OC(C(F)(F)F)=O)OC(C(F)(F)F)=O,OB(C1=CC=CC=C1)O,80
C=CC1=CC=CC=C1,CC(C1=[N+]2[C@@H](C(C)C)C(C3=CC=C(C)C=C3)(C4=CC=C(C)C=C4)O1)(C)C5=[N+]([Cu]2OS(=O)(C(F)(F)F)=O)[C@@H](C(C)C)C(C6=CC=C(C)C=C6)(C7=CC=C(C)C=C7)O5,[N-]=[N+]=CC(OC(C)(C)C)=O,81
C=CC1=CC=CC=C1,CC(C1=[N+]2[C@@H](C3=CC=CC=C3)CO1)(C)C4=[N+]([Cu]2OS(=O)(C(F)(F)F)=O)[C@@H](C5=CC=CC=C5)CO4,O=S(/N=I/C1=CC=CC=C1)(C2=CC=C([N+]([O-])=O)C=C2)=O,81
O=C(C1=CC=C(Cl)C=C1)/C=C/C2=CC=C([H])C=C2,CC(C1=[N+]2[C@@H](C3=CC=CC=C3)CO1)(C)C4=[N+]([Cu]2OS(=O)(C(F)(F)F)=O)[C@@H](C5=CC=CC=C5)CO4,O=S(/N=I/C1=CC=CC=C1)(C2=CC=C(C)C=C2)=O,81
C1(/C=C/COC2=CC=CC=C2)=CC=CC=C1,CC(C1=[N+]2[C@@H](C3=CC=CC=C3)CO1)(C)C4=[N+]([Cu]2OS(=O)(C(F)(F)F)=O)[C@@H](C5=CC=CC=C5)CO4,O=S(/N=I/C1=CC=CC=C1)(C2=CC=C(C)C=C2)=O,81
O=[N+](/C=C/C1=CC=CC=C1)[O-],CC(C)(C)[C@H]1COC(C2=CC=CC=[N+]23)=[N+]1[Pd]3(OC(C(F)(F)F)=O)OC(C(F)(F)F)=O,CC1=CC=C(B(O)O)C=C1,81
O=[N+](/C=C/C1=CC=CC=C1)[O-],CC([C@H]1COC(C2=C(C=CC=C3)C3=CC=[N+]24)=[N+]1[Pd]4(OC(C(F)(F)F)=O)OC(C(F)(F)F)=O)C,ClC1=CC=C(B(O)O)C=C1,81
C=CC1=CC=CC=C1,CC(C1=[N+]2[C@@H](C(C)(C)C)CO1)(C3=[N+]([C@@H](C4=CC=CC=C4)CO3)[Cu]2OS(=O)(C(F)(F)F)=O)C,[N-]=[N+]=CC(OCC)=O,82
C=CC1=CC=CC=C1,CC(C[C@@H]1COC(C2(CC(C=CC=C3)=C3C(C=CC=C4)=C4C2)C5=[N+]6[C@H](CC(C)C)CO5)=[N+]1[Cu]6OS(=O)(C(F)(F)F)=O)C,O=C(C=[N+]=[N-])O[C@H]1[C@@H]([C@H](C)C2=CC=CC=C2)CC[C@@H](C)C1,82
C/C(C)=C/C=C(C)/C,CC[C@H]1[C@@H](C(C)(C)C)OC(CC2=[N+]3[C@@H](CC)[C@@H](C(C)(C)C)O2)=[N+]1[Cu]3OS(=O)(C(F)(F)F)=O,O=C(C=[N+]=[N-])O[C@H]1[C@@H]([C@H](C)C2=CC=CC=C2)CC[C@@H](C)C1,82
C/C=C1CCCCC/1,O=S(O[Cu]1[N+]2=C(CC3=[N+]1[C@H](C4=CC=CC=C4)[C@H](C5=CC=CC=C5)O3)O[C@@H](C6=CC=CC=C6)[C@H]2C7=CC=CC=C7)(C(F)(F)F)=O,O=C(C=[N+]=[N-])O[C@H]1[C@@H]([C@H](C)C2=CC=CC=C2)CC[C@@H](C)C1,82
O=C1/C(C(OC(C)(C)O1)=O)=C(C)\C=C\C2=CC=C(C)C=C2,O=C(O[Pd]1(OC(C(F)(F)F)=O)[N+]2=CC=CC=C2C3=[N+]1[C@@H](C(C=C(C4=CC=CC=C4)C=C5)=C5C6)C6O3)C(F)(F)F,OB(C1=CC=CC=C1)O,82
O=C1C=C(C)CCC1,CC(C)(C)[C@H]1COC(C2=CC=CC=[N+]23)=[N+]1[Pd]3(OC(C(F)(F)F)=O)OC(C(F)(F)F)=O,C[Si](C(C)(C)C)(C)OC1=CC=C(B(O)O)C=C1,82
CC(C1=CC=CC=C1)=C,CC(C)(C)[C@H]1COC(CC2=[N+]3[C@@H](C(C)(C)C)CO2)=[N+]1[Cu]3OS(=O)(C(F)(F)F)=O,O=C(C=[N+]=[N-])O[C@@H]1[C@H]([C@@H](C)C2=CC=CC=C2)CC[C@H](C)C1,83
C=CC1=CC=CC=C1Cl,CC(C1=[N+]2[C@@H](C3=CC=CC=C3)CO1)(C)C4=[N+]([Cu]2OS(=O)(C(F)(F)F)=O)[C@@H](C5=CC=CC=C5)CO4,O=S(/N=I/C1=CC=CC=C1)(C2=CC=C([N+]([O-])=O)C=C2)=O,83
C=CC1=CC=CC(F)=C1,CC(C1=[N+]2[C@@H](C3=CC=CC=C3)CO1)(C)C4=[N+]([Cu]2OS(=O)(C(F)(F)F)=O)[C@@H](C5=CC=CC=C5)CO4,O=S(/N=I/C1=CC=CC=C1)(C2=CC=C([N+]([O-])=O)C=C2)=O,83
C=CC1=CC(Br)=CC=C1,CC(C1=[N+]2[C@@H](C3=CC=CC=C3)CO1)(C)C4=[N+]([Cu]2OS(=O)(C(F)(F)F)=O)[C@@H](C5=CC=CC=C5)CO4,O=S(/N=I/C1=CC=CC=C1)(C2=CC=C([N+]([O-])=O)C=C2)=O,83
O=C1C=COC2=C(C(C)=O)C(C)=CC(C)=C21,CC(C)(C)[C@H]1COC(C2=CC=CC=[N+]23)=[N+]1[Pd]3(OC(C(F)(F)F)=O)OC(C(F)(F)F)=O,OB(C1=CC=CC2=C1OC3=C2C=CC=C3)O,83
C=CC1=CC=CC=C1,CC1(C)O[C@@H](C2=[N+]3[C@@H](C(C)C)CO2)[C@H](C4=[N+]([Cu]3OS(=O)(C(F)(F)F)=O)[C@@H](C(C)C)CO4)O1,[N-]=[N+]=CC(OCC)=O,84
C=CC1=CC=CC=C1,CC1(C)O[C@H](C2=[N+]3[C@@H](C(C)(C)C)CO2)[C@@H](C4=[N+]([Cu]3OS(=O)(C(F)(F)F)=O)[C@@H](C(C)(C)C)CO4)O1,[N-]=[N+]=CC(OCC)=O,84
C=CC1=CC=CC=C1Cl,CC1(C)OC(C(C)(C)C2=[N+]3[C@H](C4=CC=CC=C4)C(C)(C)O2)=[N+]([Cu]3OS(=O)(C(F)(F)F)=O)[C@@H]1C5=CC=CC=C5,ClC(Cl)(Cl)C(C1=CC=CC=C1)OC(NOS(C2=CC=C(C)C=C2)(=O)=O)=O,84
C=CC1=CC=CC=C1Cl,CC1(C)OC(C(CC)(CC)C2=[N+]3[C@@H](C4=CC=CC=C4)C(C)(C)O2)=[N+]([Cu]3OS(=O)(C(F)(F)F)=O)[C@H]1C5=CC=CC=C5,ClC(Cl)(Cl)C(C1=CC=CC=C1)OC(NOS(C2=CC=C(C)C=C2)(=O)=O)=O,84
O=C(C1=CC=C(Br)C=C1)/C=C/C2=CC=C([H])C=C2,CC(C1=[N+]2[C@@H](C3=CC=CC=C3)CO1)(C)C4=[N+]([Cu]2OS(=O)(C(F)(F)F)=O)[C@@H](C5=CC=CC=C5)CO4,O=S(/N=I/C1=CC=CC=C1)(C2=CC=C(C)C=C2)=O,84
O=C1N(/C(O[Si](C(C)(C)C)(C)C)=C/C2CCCCC2)CCO1,CC(C1=[N+]2[C@@H](C3=CC=CC=C3)CO1)(C)C4=[N+]([Cu]2OS(=O)(C(F)(F)F)=O)[C@@H](C5=CC=CC=C5)CO4,F[P-](F)(F)(F)(F)F,84
C=CC1=CC=CC=C1,CC(C1=[N+]2C(C(C=CC=C3)=C3C4)C4O1)(C)C5=[N+]([Cu]2OS(=O)(C(F)(F)F)=O)[C@@H]6[C@@H](CC7=C6C=CC=C7)O5,[N-]=[N+]=CC(OCC)=O,85
CC(C1=CC=CC=C1)=C,CC1(C)O[C@@H](C2=[N+]3[C@@H](C(C)C)CO2)[C@H](C4=[N+]([Cu]3OS(=O)(C(F)(F)F)=O)[C@@H](C(C)C)CO4)O1,O=C(C=[N+]=[N-])O[C@H]1[C@@H]([C@H](C)C2=CC=CC=C2)CC[C@@H](C)C1,85
O=C(C1=CC=C(C)C=C1)/C=C/C2=CC=C([H])C=C2,CC(C1=[N+]2[C@@H](C3=CC=CC=C3)CO1)(C)C4=[N+]([Cu]2OS(=O)(C(F)(F)F)=O)[C@@H](C5=CC=CC=C5)CO4,O=S(/N=I/C1=CC=CC=C1)(C2=CC=C(C)C=C2)=O,85
O=C(C)/C=C/C1=CC=C([H])C=C1,CC(C1=[N+]2[C@@H](C3=CC=CC=C3)CO1)(C)C4=[N+]([Cu]2OS(=O)(C(F)(F)F)=O)[C@@H](C5=CC=CC=C5)CO4,O=S(/N=I/C1=CC=CC=C1)(C2=CC=C(C)C=C2)=O,85
O=C(C1=CC=C(C(F)(F)F)C=C1)/C=C/C2=CC=C([H])C=C2,O=S(O[Cu]([N+]1=C2OC[C@@H]1C3=CC=CC=C3)[N+]4=C([C@@H]5[C@@H]2CCCC5)OC[C@@H]4C6=CC=CC=C6)(C(F)(F)F)=O,O=S(/N=I/C1=CC=CC=C1)(C2=CC=C(C)C=C2)=O,85
O=C(C1=CC=C(C(C)C)C=C1)/C=C/C2=CC=C([H])C=C2,O=S(O[Cu]([N+]1=C2OC[C@@H]1C3=CC=CC=C3)[N+]4=C([C@@H]5[C@@H]2CCCC5)OC[C@@H]4C6=CC=CC=C6)(C(F)(F)F)=O,O=S(/N=I/C1=CC=CC=C1)(C2=CC=C(C)C=C2)=O,85
O=C(C1=CC=C(C)C=C1)/C=C/C2=CC=C(Cl)C=C2,O=S(O[Cu]([N+]1=C2OC[C@@H]1C3=CC=CC=C3)[N+]4=C([C@@H]5[C@@H]2CCCC5)OC[C@@H]4C6=CC=CC=C6)(C(F)(F)F)=O,O=S(/N=I/C1=CC=CC=C1)(C2=CC=C(C)C=C2)=O,85
O=C1/C(C(OC(C)(C)O1)=O)=C(C)\C=C\C2=CC=C(C)C=C2,O=C(O[Pd]1(OC(C(F)(F)F)=O)[N+]2=CC=CC=C2C3=[N+]1[C@@H](C(C=C(C4=CC=C(C(F)(F)F)C=C4)C=C5)=C5C6)C6O3)C(F)(F)F,OB(C1=CC=CC=C1)O,85
O=C1/C(C(OC(C)(C)O1)=O)=C(C)\C=C\C2=CC=C(C)C=C2,O=C(O[Pd]1(OC(C(F)(F)F)=O)[N+]2=CC=CC=C2C3=[N+]1[C@@H](C(C=C(C4=CC=C(C5=CC=CC=C5)C=C4)C=C6)=C6C7)C7O3)C(F)(F)F,OB(C1=CC=CC=C1)O,85
O=[N+](/C=C/C1=CC=CC=C1)[O-],O=C(O[Pd]1([N+]2=C(C3=CC=CC=[N+]31)OC[C@@H]2CC4=CC=CC=C4)OC(C(F)(F)F)=O)C(F)(F)F,CC1=CC=C(B(O)O)C=C1,85
O=C1C=C(C)CCC1,CC(C)(C)[C@H]1COC(C2=CC=CC=[N+]23)=[N+]1[Pd]3(OC(C(F)(F)F)=O)OC(C(F)(F)F)=O,OB(C1=CC=C(CC)C=C1)O,85
O=C1C=C(C2CCCCC2)CCC1,CC(C)(C)[C@H]1COC(C2=CC=CC=[N+]23)=[N+]1[Pd]3(OC(C(F)(F)F)=O)OC(C(F)(F)F)=O,OB(C1=CC=CC=C1)O,85
O=C1C=COC2=CC=CC=C21,CC(C)(C)[C@H]1COC(C2=CC=CC=[N+]23)=[N+]1[Pd]3(OC(C(F)(F)F)=O)OC(C(F)(F)F)=O,OB(C1=CC=C(CC)C=C1)O,85
O=C1C=CN(C(OCC2=CC=CC=C2)=O)C3=CC=CC=C31,CC(C)(C)[C@H]1COC(C2=CC=CC=[N+]23)=[N+]1[Pd]3(OC(C(F)(F)F)=O)OC(C(F)(F)F)=O,OB(C1=CC(OC)=C(NC(C(F)(F)F)=O)C=C1)O,85
O=C1C=CN(C(OCC2=CC=CC=C2)=O)C3=CC=CC=C31,CC(C)(C)[C@H]1COC(C2=CC=CC=[N+]23)=[N+]1[Pd]3(OC(C(F)(F)F)=O)OC(C(F)(F)F)=O,CC1=CC=CC(B(O)O)=C1,85
O=C1C=CN(C(OCC2=CC=CC=C2)=O)C3=CC=CC=C31,CC(C)(C)[C@H]1COC(C2=CC=CC=[N+]23)=[N+]1[Pd]3(OC(C(F)(F)F)=O)OC(C(F)(F)F)=O,OB(C1=CC(OC)=CC(OC)=C1)O,85
C=CC1=CC=CC=C1[N+]([O-])=O,CC1(C)OC(C(C)(C)C2=[N+]3[C@H](C4=CC=CC=C4)C(C)(C)O2)=[N+]([Cu]3OS(=O)(C(F)(F)F)=O)[C@@H]1C5=CC=CC=C5,ClC(Cl)(Cl)C(C1=CC=CC=C1)OC(NOS(C2=CC=C(C)C=C2)(=O)=O)=O,86
O=C(C1=CC=CC=C1)/C=C/C2=CC=C([H])C=C2,CC(C1=[N+]2[C@@H](C3=CC=CC=C3)CO1)(C)C4=[N+]([Cu]2OS(=O)(C(F)(F)F)=O)[C@@H](C5=CC=CC=C5)CO4,O=S(/N=I/C1=CC=CC=C1)(C2=CC=C(C)C=C2)=O,86
O=C(C1=CC=C(F)C=C1)/C=C/C2=CC=CC=C2,CC(C1=[N+]2[C@@H](C3=CC=CC=C3)CO1)(C)C4=[N+]([Cu]2OS(=O)(C(F)(F)F)=O)[C@@H](C5=CC=CC=C5)CO4,O=S(/N=I/C1=CC=CC=C1)(C2=CC=C(C)C=C2)=O,86
O=C(C1=CC=CC=C1)/C=C/C2=CC=C([H])C=C2,O=S(O[Cu]([N+]1=C(OC[C@@H]1C2=CC=CC=C2)[C@H]3[C@H]4CCCC3)[N+]5=C4OC[C@@H]5C6=CC=CC=C6)(C(F)(F)F)=O,O=S(/N=I/C1=CC=CC=C1)(C2=CC=C(C)C=C2)=O,86
O=C(C1=CC=C(Br)C=C1)/C=C/C2=CC=C([H])C=C2,O=S(O[Cu]([N+]1=C2OC[C@@H]1C3=CC=CC=C3)[N+]4=C([C@@H]5[C@@H]2CCCC5)OC[C@@H]4C6=CC=CC=C6)(C(F)(F)F)=O,O=S(/N=I/C1=CC=CC=C1)(C2=CC=C(C)C=C2)=O,86
O=C1/C(C(OC(C)(C)O1)=O)=C(C)\C=C\C2=CC=CC=C2,CC(C)(C)C(C=C1)=CC=C1C(C=C2)=CC3=C2CC4[C@H]3[N+]5=C(C6=CC=CC=[N+]6[Pd]5(OC(C(F)(F)F)=O)OC(C(F)(F)F)=O)O4,OB(C1=CC=C(OCO2)C2=C1)O,86
O=[N+](/C=C/C1=C(OC)C=CC=C1)[O-],CC([C@H]1COC(C2=C(C=CC=C3)C3=CC=[N+]24)=[N+]1[Pd]4(OC(C(F)(F)F)=O)OC(C(F)(F)F)=O)C,CC1=CC=C(B(O)O)C=C1,86
O=[N+](/C=C/C1=CC=CC=C1)[O-],CC([C@H]1COC(C2=C(C=CC=C3)C3=CC=[N+]24)=[N+]1[Pd]4(OC(C(F)(F)F)=O)OC(C(F)(F)F)=O)C,FC1=CC=C(B(O)O)C=C1,86
O=C1C=COC2=CC(C)=C(C(C)=O)C(C)=C21,CC(C)(C)[C@H]1COC(C2=CC=CC=[N+]23)=[N+]1[Pd]3(OC(C(F)(F)F)=O)OC(C(F)(F)F)=O,OB(C1=CC=C(CC)C=C1)O,86
O=C1C=COC2=C(C(C)=O)C(C)=CC(C)=C21,CC(C)(C)[C@H]1COC(C2=CC=CC=[N+]23)=[N+]1[Pd]3(OC(C(F)(F)F)=O)OC(C(F)(F)F)=O,CC1=CC=CC(B(O)O)=C1,86
O=C1C=COC2=C(C(C)=O)C(C)=CC(C)=C21,CC(C)(C)[C@H]1COC(C2=CC=CC=[N+]23)=[N+]1[Pd]3(OC(C(F)(F)F)=O)OC(C(F)(F)F)=O,OB(C1=CC(C(OC)=O)=CC=C1)O,86
C/C(C)=C\COC(C1=CC=CC=C1)(C2=CC=CC=C2)C3=CC=CC=C3,CC(C)(C)[C@H]1COC(C(C)(C)C2=[N+]3[C@@H](C(C)(C)C)CO2)=[N+]1[Cu]3OS(=O)(C(F)(F)F)=O,[N-]=[N+]=CC(OCC)=O,87
O=C(C1=CC=C(C(C)(C)C)C=C1)/C=C/C2=CC=C([H])C=C2,CC(C1=[N+]2[C@@H](C3=CC=CC=C3)CO1)(C)C4=[N+]([Cu]2OS(=O)(C(F)(F)F)=O)[C@@H](C5=CC=CC=C5)CO4,O=S(/N=I/C1=CC=CC=C1)(C2=CC=C(C)C=C2)=O,87
O=C1/C(C(OC(C)(C)O1)=O)=C(C)\C=C\C2=CC=C(C)C=C2,O=C(O[Pd]1(OC(C(F)(F)F)=O)[N+]2=CC=CC=C2C3=[N+]1[C@@H](C(C=C(C4=CC=C(OC)C=C4)C=C5)=C5C6)C6O3)C(F)(F)F,OB(C1=CC=CC=C1)O,87
O=C1/C(C(OC(C)(C)O1)=O)=C(C)\C=C\C2=CC=C(C)C=C2,O=C(O[Pd]1(OC(C(F)(F)F)=O)[N+]2=CC=CC=C2C3=[N+]1[C@@H](C(C=C(C4=CC=C(C(OC)(CC)CC)C=C4)C=C5)=C5C6)C6O3)C(F)(F)F,OB(C1=CC=CC=C1)O,87
O=C1/C(C(OC(C)(C)O1)=O)=C(C)\C=C\C2=CC=CC=C2,CC(C)(C)C(C=C1)=CC=C1C(C=C2)=CC3=C2CC4[C@H]3[N+]5=C(C6=CC=CC=[N+]6[Pd]5(OC(C(F)(F)F)=O)OC(C(F)(F)F)=O)O4,FC1=CC=C(B(O)O)C=C1,87
O=[N+](/C=C/C1=CC=CC=C1)[O-],CC([C@H]1COC(C2=CC=C(C(OC)=O)C=[N+]23)=[N+]1[Pd]3(OC(C(F)(F)F)=O)OC(C(F)(F)F)=O)C,CC1=CC=C(B(O)O)C=C1,87
O=[N+](/C=C/C1=CC=CC=C1)[O-],CC([C@H]1COC(C2=C(C=CC=C3)C3=CC=[N+]24)=[N+]1[Pd]4(OC(C(F)(F)F)=O)OC(C(F)(F)F)=O)C,OB(C1=CC(OC)=CC=C1)O,87
O=C1N(/C(O[Si](C(C)(C)C)(C)C)=C/C)CCO1,CC(C1=[N+]2[C@@H](C3=CC=CC=C3)CO1)(C)C4=[N+]([Cu]2OS(=O)(C(F)(F)F)=O)[C@@H](C5=CC=CC=C5)CO4,CC(C=C(C)C=C1C)=C1[I+]C2=CC=CC(Br)=C2,87
O=C1N(/C(O[Si](C(C)(C)C)(C)C)=C/C(C)C)CCO1,CC(C1=[N+]2[C@@H](C3=CC=CC=C3)CO1)(C)C4=[N+]([Cu]2OS(=O)(C(F)(F)F)=O)[C@@H](C5=CC=CC=C5)CO4,F[P-](F)(F)(F)(F)F,87
O=C1C=C(C)CCC1,CC(C)(C)[C@H]1COC(C2=CC=CC=[N+]23)=[N+]1[Pd]3(OC(C(F)(F)F)=O)OC(C(F)(F)F)=O,CC1=CC=C(B(O)O)C=C1,87
C=CC1=CC=CC=C1,CC1(C)O[C@@H](C2=[N+]3[C@@H](C(C)C)CO2)[C@H](C4=[N+]([Cu]3OS(=O)(C(F)(F)F)=O)[C@@H](C(C)C)CO4)O1,[N-]=[N+]=CC(OC(C)(C)C)=O,88
ClC1=CC=C(/C=C/[N+]([O-])=O)C=C1,CC([C@H]1COC(C2=C(C=CC=C3)C3=CC=[N+]24)=[N+]1[Pd]4(OC(C(F)(F)F)=O)OC(C(F)(F)F)=O)C,OB(C1=CC=CC=C1)O,88
C[Si](C(C)(C)C)(C)OC1=CCCCO1,CC(C1=[N+]2[C@@H](C3=CC=CC=C3)CO1)(C)C4=[N+]([Cu]2OS(=O)(C(F)(F)F)=O)[C@@H](C5=CC=CC=C5)CO4,F[P-](F)(F)(F)(F)F,88
O=C1C=C(C2CC2)CCC1,CC(C)(C)[C@H]1COC(C2=CC=CC=[N+]23)=[N+]1[Pd]3(OC(C(F)(F)F)=O)OC(C(F)(F)F)=O,OB(C1=CC=CC=C1)O,88
O=C1C=COC2=CC(C)=C(C(C)=O)C(C)=C21,CC(C)(C)[C@H]1COC(C2=CC=CC=[N+]23)=[N+]1[Pd]3(OC(C(F)(F)F)=O)OC(C(F)(F)F)=O,CC1=CC=CC(B(O)O)=C1,88
FC(C1=CC=CC=C1)=C,CC(C)(C)[C@H]1COC(C(C)(C)C2=[N+]3[C@@H](C(C)(C)C)CO2)=[N+]1[Cu]3OS(=O)(C(F)(F)F)=O,[N-]=[N+]=CC(OCC)=O,89
[H]/C([H])=C(C1=CC=CC=C1)/O[Si](C)(C)C,CC(C)(C)[C@H]1COC(C(C)(C)C2=[N+]3[C@@H](C(C)(C)C)CO2)=[N+]1[Cu]3OS(=O)(C(F)(F)F)=O,[N-]=[N+]=CC(OC)=O,89
C=CC1=CC=CC=C1,CC([C@H]1COC(C(C2=CC=CC=C2)(C3=CC=CC=C3)C4=[N+]5[C@@H](C(C)(C)C)CO4)=[N+]1[Cu]5OS(=O)(C(F)(F)F)=O)(C)C,[N-]=[N+]=CC(OCC)=O,89
C=CC1=CC=CC=C1,CC1(C)O[C@@H](C2=[N+]3[C@@H](C(C)C)CO2)[C@H](C4=[N+]([Cu]3OS(=O)(C(F)(F)F)=O)[C@@H](C(C)C)CO4)O1,O=C(C=[N+]=[N-])O[C@H]1[C@@H]([C@H](C)C2=CC=CC=C2)CC[C@@H](C)C1,89
O=C(C1=CC=C(C(C)(C)C)C=C1)/C=C/C2=CC=C(C)C=C2,O=S(O[Cu]([N+]1=C2OC[C@@H]1C3=CC=CC=C3)[N+]4=C([C@@H]5[C@@H]2CCCC5)OC[C@@H]4C6=CC=CC=C6)(C(F)(F)F)=O,O=S(/N=I/C1=CC=CC=C1)(C2=CC=C(C)C=C2)=O,89
O=C1/C(C(OC(C)(C)O1)=O)=C(C)\C=C\C2=CC=C(C)C=C2,O=C(O[Pd]1(OC(C(F)(F)F)=O)[N+]2=CC=CC=C2C3=[N+]1[C@@H](C(C=C(C4=CC=C(C5(C6)C[C@@H]7C[C@H](C5)C[C@H]6C7)C=C4)C=C8)=C8C9)C9O3)C(F)(F)F,OB(C1=CC=CC=C1)O,89
O=C1/C(C(OC(C)(C)O1)=O)=C(C)\C=C\C2=CC(OC)=CC=C2,CC(C)(C)C(C=C1)=CC=C1C(C=C2)=CC3=C2CC4[C@H]3[N+]5=C(C6=CC=CC=[N+]6[Pd]5(OC(C(F)(F)F)=O)OC(C(F)(F)F)=O)O4,OB(C1=CC=CC=C1)O,89
O=C1/C(C(OC(C)(C)O1)=O)=C(C)\C=C\C2=CC(Br)=CC=C2,CC(C)(C)C(C=C1)=CC=C1C(C=C2)=CC3=C2CC4[C@H]3[N+]5=C(C6=CC=CC=[N+]6[Pd]5(OC(C(F)(F)F)=O)OC(C(F)(F)F)=O)O4,OB(C1=CC=CC=C1)O,89
O=C1/C(C(OC(C)(C)O1)=O)=C(C)\C=C\C2=CC=CC=C2,CC(C)(C)C(C=C1)=CC=C1C(C=C2)=CC3=C2CC4[C@H]3[N+]5=C(C6=CC=CC=[N+]6[Pd]5(OC(C(F)(F)F)=O)OC(C(F)(F)F)=O)O4,OB(C1=CC=C(OC)C=C1)O,89
O=C1/C(C(OC(C)(C)O1)=O)=C(C)\C=C\C2=CC=CC=C2,CC(C)(C)C(C=C1)=CC=C1C(C=C2)=CC3=C2CC4[C@H]3[N+]5=C(C6=CC=CC=[N+]6[Pd]5(OC(C(F)(F)F)=O)OC(C(F)(F)F)=O)O4,OB(C1=CC=C(C2=CC=CC=C2)C=C1)O,89
O=C1N(/C(O[Si](C(C)(C)C)(C)C)=C/C)CCO1,CC(C1=[N+]2[C@@H](C3=CC=CC=C3)CO1)(C)C4=[N+]([Cu]2OS(=O)(C(F)(F)F)=O)[C@@H](C5=CC=CC=C5)CO4,F[P-](F)(F)(F)(F)F,89
O=C1N(/C(O[Si](C)(C)C(C)(C)C)=C/CC2=C(C=CC=C3)C3=CN2C(C(C)(C)C)=O)CCO1,CC(C1=[N+]2[C@@H](C3=CC=CC=C3)CO1)(C)C4=[N+]([Cu]2OS(=O)(C(F)(F)F)=O)[C@@H](C5=CC=CC=C5)CO4,F[P-](F)(F)(F)(F)F,89
O=C1C=COC2=CC=CC=C21,CC(C)(C)[C@H]1COC(C2=CC=CC=[N+]23)=[N+]1[Pd]3(OC(C(F)(F)F)=O)OC(C(F)(F)F)=O,BrC1=CC=CC(B(O)O)=C1,89
O=C1C=CN(C(OCC2=CC=CC=C2)=O)C3=CC=CC=C31,CC(C)(C)[C@H]1COC(C2=CC=CC=[N+]23)=[N+]1[Pd]3(OC(C(F)(F)F)=O)OC(C(F)(F)F)=O,FC1=CC=C(B(O)O)C=C1,89
C=CC1=CC=CC=C1,CC(C)(C)[C@H]1COC(CC2=[N+]3[C@@H](C(C)(C)C)CO2)=[N+]1[Cu]3OS(=O)(C(F)(F)F)=O,[N-]=[N+]=CC(OCC)=O,90
[H]/C([H])=C(C1=CC=CC=C1)/O[Si](C)(C)C,CC(C)(C)[C@H]1COC(C(C)(C)C2=[N+]3[C@@H](C(C)(C)C)CO2)=[N+]1[Cu]3OS(=O)(C(F)(F)F)=O,[N-]=[N+]=CC(OCC)=O,90
C=CC1=CC=CC=C1,CC([C@H]1COC(C(C2=CC=CC=C2)(C3=CC=CC=C3)C4=[N+]5[C@@H](C(C)(C)C)CO4)=[N+]1[Cu]5OS(=O)(C(F)(F)F)=O)(C)C,[N-]=[N+]=CC(OC(C)(C)C)=O,90
C/C(C)=C/C=C(C)/C,CCC[C@@]1(C)[C@@H]2OC(CC3=[N+]4[C@@H](C5CC[C@@]6(C)C5(C)C)[C@@H]6O3)=[N+]([Cu]4OS(=O)(C(F)(F)F)=O)[C@@H]2CC1(C)C,O=C(C=[N+]=[N-])O[C@H]1[C@@H]([C@H](C)C2=CC=CC=C2)CC[C@@H](C)C1,90
C/C(C)=C/C=C(C)/C,O=S(O[Cu]1[N+]2=C(CC3=[N+]1[C@H](C4=CC=CC=C4)[C@H](C5=CC=CC=C5)O3)O[C@@H](C6=CC=CC=C6)[C@H]2C7=CC=CC=C7)(C(F)(F)F)=O,O=C(C=[N+]=[N-])O[C@@H]1[C@H]([C@@H](C)C2=CC=CC=C2)CC[C@H](C)C1,90
C/C(C)=C/C=C(C)/C,CC1(C)OC(CC2=[N+]3[C@H](C4=CC=C(C=CC=C5)C5=C4)C(C)(C)O2)=[N+]([Cu]3OS(=O)(C(F)(F)F)=O)[C@@H]1C6=CC(C=CC=C7)=C7C=C6,[N-]=[N+]=CC(OC(C)(C)C)=O,90
O=C(C1=CC=CC=C1)/C=C/C2=CC=C(F)C=C2,O=S(O[Cu]([N+]1=C2OC[C@@H]1C3=CC=CC=C3)[N+]4=C([C@@H]5[C@@H]2CCCC5)OC[C@@H]4C6=CC=CC=C6)(C(F)(F)F)=O,O=S(/N=I/C1=CC=CC=C1)(C2=CC=C(C)C=C2)=O,90
O=C1/C(C(OC(C)(C)O1)=O)=C(C)\C=C\C2=CC=C(C)C=C2,CC(C)(C)C(C=C1)=CC=C1C(C=C2)=CC3=C2CC4[C@H]3[N+]5=C(C6=CC=CC=[N+]6[Pd]5(OC(C(F)(F)F)=O)OC(C(F)(F)F)=O)O4,OB(C1=CC=CC=C1)O,90
O=C1/C(C(OC(C)(C)O1)=O)=C(C)\C=C\C2=C(C)C=CC=C2,CC(C)(C)C(C=C1)=CC=C1C(C=C2)=CC3=C2CC4[C@H]3[N+]5=C(C6=CC=CC=[N+]6[Pd]5(OC(C(F)(F)F)=O)OC(C(F)(F)F)=O)O4,OB(C1=CC=CC=C1)O,90
O=C1/C(C(OC(C)(C)O1)=O)=C(C)\C=C\C2=CC(C)=CC=C2,CC(C)(C)C(C=C1)=CC=C1C(C=C2)=CC3=C2CC4[C@H]3[N+]5=C(C6=CC=CC=[N+]6[Pd]5(OC(C(F)(F)F)=O)OC(C(F)(F)F)=O)O4,OB(C1=CC=CC=C1)O,90
O=C1/C(C(OC(C)(C)O1)=O)=C(C)\C=C\C2=CC=C(C(F)(F)F)C=C2,CC(C)(C)C(C=C1)=CC=C1C(C=C2)=CC3=C2CC4[C@H]3[N+]5=C(C6=CC=CC=[N+]6[Pd]5(OC(C(F)(F)F)=O)OC(C(F)(F)F)=O)O4,OB(C1=CC=CC=C1)O,90
O=C1/C(C(OC(C)(C)O1)=O)=C(CC)\C=C\C2=CC=CC=C2,CC(C)(C)C(C=C1)=CC=C1C(C=C2)=CC3=C2CC4[C@H]3[N+]5=C(C6=CC=CC=[N+]6[Pd]5(OC(C(F)(F)F)=O)OC(C(F)(F)F)=O)O4,CC1=CC=C(B(O)O)C=C1,90
O=C1/C(C(OC(C)(C)O1)=O)=C(C)\C=C\C2=CC=CC=C2,CC(C)(C)C(C=C1)=CC=C1C(C=C2)=CC3=C2CC4[C@H]3[N+]5=C(C6=CC=CC=[N+]6[Pd]5(OC(C(F)(F)F)=O)OC(C(F)(F)F)=O)O4,CC1=CC=C(B(O)O)C=C1,90
O=C1/C(C(OC(C)(C)O1)=O)=C(C)\C=C\C2=CC=CC=C2,CC(C)(C)C(C=C1)=CC=C1C(C=C2)=CC3=C2CC4[C@H]3[N+]5=C(C6=CC=CC=[N+]6[Pd]5(OC(C(F)(F)F)=O)OC(C(F)(F)F)=O)O4,OB(C1=CC=C(C(F)(F)F)C=C1)O,90
O=[N+](/C=C/C1=CC=CC=C1)[O-],CC(C)[C@H]1COC(C2=CC=CC=[N+]23)=[N+]1[Pd]3(OC(C(F)(F)F)=O)OC(C(F)(F)F)=O,CC1=CC=C(B(O)O)C=C1,90
O=[N+](/C=C/C1=CC=CC=C1)[O-],CC([C@H]1COC(C2=C(C=CC=C3)C3=CC=[N+]24)=[N+]1[Pd]4(OC(C(F)(F)F)=O)OC(C(F)(F)F)=O)C,CC1=CC=CC(B(O)O)=C1,90
O=C1N(/C(O[Si](C(C)(C)C)(C)C)=C/C)CCO1,CC(C1=[N+]2[C@@H](C3=CC=CC=C3)CO1)(C)C4=[N+]([Cu]2OS(=O)(C(F)(F)F)=O)[C@@H](C5=CC=CC=C5)CO4,CC1=C([I+]C2=CC=C(C=C2)OC)C(C)=CC(C)=C1,90
O=C1N(/C(O[Si](C(C)(C)C)(C)C)=C/C)CCO1,CC(C1=[N+]2[C@@H](C3=CC=CC=C3)CO1)(C)C4=[N+]([Cu]2OS(=O)(C(F)(F)F)=O)[C@@H](C5=CC=CC=C5)CO4,CC1=C([I+]C2=CC=CC(Br)=C2)C(C)=CC(C)=C1,90
O=C1N(/C(O[Si](C)(C)C(C)(C)C)=C/CC)CCO1,CC(C1=[N+]2[C@@H](C3=CC=CC=C3)CO1)(C)C4=[N+]([Cu]2OS(=O)(C(F)(F)F)=O)[C@@H](C5=CC=CC=C5)CO4,F[P-](F)(F)(F)(F)F,90
O=C1C=COC2=CC=CC=C21,CC(C)(C)[C@H]1COC(C2=CC=CC=[N+]23)=[N+]1[Pd]3(OC(C(F)(F)F)=O)OC(C(F)(F)F)=O,CC1=CC=CC(B(O)O)=C1,90
O=C1C=COC2=CC=CC=C21,CC(C)(C)[C@H]1COC(C2=CC=CC=[N+]23)=[N+]1[Pd]3(OC(C(F)(F)F)=O)OC(C(F)(F)F)=O,FC1=CC=C(B(O)O)C=C1,90
O=C1C=COC2=CC(C)=C(C(C)=O)C(C)=C21,CC(C)(C)[C@H]1COC(C2=CC=CC=[N+]23)=[N+]1[Pd]3(OC(C(F)(F)F)=O)OC(C(F)(F)F)=O,OB(C1=CC=CC=C1)O,90
O=C1C=COC2=CC(O)=CC=C21,CC(C)(C)[C@H]1COC(C2=CC=CC=[N+]23)=[N+]1[Pd]3(OC(C(F)(F)F)=O)OC(C(F)(F)F)=O,CC1=CC=CC(B(O)O)=C1,90
C=CC1=CC=CC=C1,CC(C)(C)[C@H]1COC(C(C)(C)C2=[N+]3[C@@H](C(C)(C)C)CO2)=[N+]1[Cu]3OS(=O)(C(F)(F)F)=O,[N-]=[N+]=CC(OC(C)(C)C)=O,91
C/C(C)=C\COCC1=CC=CC=C1,CC(C)(C)[C@H]1COC(C(C)(C)C2=[N+]3[C@@H](C(C)(C)C)CO2)=[N+]1[Cu]3OS(=O)(C(F)(F)F)=O,[N-]=[N+]=CC(OCC)=O,91
O=C(C1=CC=CC=C1)/C=C/C2=CC=C([H])C=C2,O=S(O[Cu]([N+]1=C2OC[C@@H]1C3=CC=CC=C3)[N+]4=C([C@@H]5[C@@H]2CCCC5)OC[C@@H]4C6=CC=CC=C6)(C(F)(F)F)=O,O=S(/N=I/C1=CC=CC=C1)(C2=CC=C(C)C=C2)=O,91
O=C1/C(C(OC(CC)(CC)O1)=O)=C(C)\C=C\C2=CC=CC=C2,CC(C)(C)C(C=C1)=CC=C1C(C=C2)=CC3=C2CC4[C@H]3[N+]5=C(C6=CC=CC=[N+]6[Pd]5(OC(C(F)(F)F)=O)OC(C(F)(F)F)=O)O4,CC1=CC=C(B(O)O)C=C1,91
O=C1/C(C(OC(C)(C)O1)=O)=C(C)\C=C\C2=CC=CC=C2,CC(C)(C)C(C=C1)=CC=C1C(C=C2)=CC3=C2CC4[C@H]3[N+]5=C(C6=CC=CC=[N+]6[Pd]5(OC(C(F)(F)F)=O)OC(C(F)(F)F)=O)O4,CC1=CC=CC(B(O)O)=C1,91
O=C1/C(C(OC(C)(C)O1)=O)=C(C)\C=C\C2=CC=CC=C2,CC(C)(C)C(C=C1)=CC=C1C(C=C2)=CC3=C2CC4[C@H]3[N+]5=C(C6=CC=CC=[N+]6[Pd]5(OC(C(F)(F)F)=O)OC(C(F)(F)F)=O)O4,BrC1=CC=CC(B(O)O)=C1,91
O=[N+](/C=C/C1=CC=CC=C1)[O-],CC([C@H]1COC(C2=C(C=CC=C3)C3=CC=[N+]24)=[N+]1[Pd]4(OC(C(F)(F)F)=O)OC(C(F)(F)F)=O)(C)C,CC1=CC=C(B(O)O)C=C1,91
O=[N+](/C=C/C1=CC=C(OC)C=C1)[O-],CC([C@H]1COC(C2=C(C=CC=C3)C3=CC=[N+]24)=[N+]1[Pd]4(OC(C(F)(F)F)=O)OC(C(F)(F)F)=O)C,CC1=CC=C(B(O)O)C=C1,91
O=[N+](/C=C/C1=CC=CC=C1)[O-],CC([C@H]1COC(C2=C(C=CC=C3)C3=CC=[N+]24)=[N+]1[Pd]4(OC(C(F)(F)F)=O)OC(C(F)(F)F)=O)C,OB(C1=CC2=CC=CC=C2C=C1)O,91
O=C1N(/C(O[Si](C)(C)C(C)(C)C)=C/C)CCO1,CC(C1=[N+]2[C@@H](C3=CC=CC=C3)CO1)(C)C4=[N+]([Cu]2OS(=O)(C(F)(F)F)=O)[C@@H](C5=CC=CC=C5)CO4,CC(C=C(C)C=C1C)=C1[I+]C2=CC=CC(C(F)(F)F)=C2,91
O=C1N(/C(O[Si](C)(C)C(C)(C)C)=C/C)CCO1,CC(C1=[N+]2[C@@H](C3=CC=CC=C3)CO1)(C)C4=[N+]([Cu]2OS(=O)(C(F)(F)F)=O)[C@@H](C5=CC=CC=C5)CO4,CC(C=C(C)C=C1C)=C1[I+]C2=CC=CC=C2F,91
O=C1N(/C(O[Si](C)(C)C(C)(C)C)=C/C)CCO1,CC(C1=[N+]2[C@@H](C3=CC=CC=C3)CO1)(C)C4=[N+]([Cu]2OS(=O)(C(F)(F)F)=O)[C@@H](C5=CC=CC=C5)CO4,CC1=C([I+]C2=CC=C(C=C2)C(OCC)=O)C(C)=CC(C)=C1,91
O=C1C=C(C)CCC1,CC(C)(C)[C@H]1COC(C2=CC=CC=[N+]23)=[N+]1[Pd]3(OC(C(F)(F)F)=O)OC(C(F)(F)F)=O,OB(C1=CC(C)=CC=C1)O,91
O=C1C=C(C)CC1,CC(C)(C)[C@H]1COC(C2=CC=CC=[N+]23)=[N+]1[Pd]3(OC(C(F)(F)F)=O)OC(C(F)(F)F)=O,OB(C1=CC=CC=C1)O,91
O=C1C=C(CC2=CC=CC=C2)CCC1,CC(C)(C)[C@H]1COC(C2=CC=CC=[N+]23)=[N+]1[Pd]3(OC(C(F)(F)F)=O)OC(C(F)(F)F)=O,OB(C1=CC=CC=C1)O,91
O=C1C=C(CCCOCC2=CC=CC=C2)CCC1,CC(C)(C)[C@H]1COC(C2=CC=CC=[N+]23)=[N+]1[Pd]3(OC(C(F)(F)F)=O)OC(C(F)(F)F)=O,OB(C1=CC=CC=C1)O,91
O=C1C=COC2=C(C(C)=O)C(C)=CC(C)=C21,CC(C)(C)[C@H]1COC(C2=CC=CC=[N+]23)=[N+]1[Pd]3(OC(C(F)(F)F)=O)OC(C(F)(F)F)=O,FC1=CC=C(B(O)O)C=C1,91
CC(C1=CC=CC=C1)=C,CC(C)(C)[C@H]1COC(CC2=[N+]3[C@@H](C(C)(C)C)CO2)=[N+]1[Cu]3OS(=O)(C(F)(F)F)=O,O=C(C=[N+]=[N-])O[C@H]1[C@@H]([C@H](C)C2=CC=CC=C2)CC[C@@H](C)C1,92
FC(C1=CC=CC=C1)=C,CC(C)(C)[C@H]1COC(C(C)(C)C2=[N+]3[C@@H](C(C)(C)C)CO2)=[N+]1[Cu]3OS(=O)(C(F)(F)F)=O,O=C(C=[N+]=[N-])O[C@H]1[C@@H]([C@H](C)C2=CC=CC=C2)CC[C@@H](C)C1,92
C=CC1=CC=C(C2=CC=CC=C2)C=C1,CC(C)(C)[C@H]1COC(C(C)(C)C2=[N+]3[C@@H](C(C)(C)C)CO2)=[N+]1[Cu]3OS(=O)(C(F)(F)F)=O,[N-]=[N+]=CC(OCC)=O,92
C/C(C)=C/C=C(C)/C,CCC[C@@]1(C)[C@@H]2OC(CC3=[N+]4[C@@H](C5CC[C@@]6(C)C5(C)C)[C@@H]6O3)=[N+]([Cu]4OS(=O)(C(F)(F)F)=O)[C@@H]2CC1(C)C,O=C(C=[N+]=[N-])OC1=C(C(C)(C)C)C=C(C)C=C1C(C)(C)C,92
C/C(C)=C/C=C(C)/C,O=S(O[Cu]1[N+]2=C(CC3=[N+]1[C@H](C4=CC=CC=C4)[C@H](C5=CC=CC=C5)O3)O[C@@H](C6=CC=CC=C6)[C@H]2C7=CC=CC=C7)(C(F)(F)F)=O,O=C(C=[N+]=[N-])O[C@H]1[C@@H]([C@H](C)C2=CC=CC=C2)CC[C@@H](C)C1,92
C/C(C)=C\C=C(Cl)/Cl,O=S(O[Cu]1[N+]2=C(CC3=[N+]1[C@H](C4=CC=CC=C4)[C@H](C5=CC=CC=C5)O3)O[C@@H](C6=CC=CC=C6)[C@H]2C7=CC=CC=C7)(C(F)(F)F)=O,O=C(C=[N+]=[N-])O[C@H]1[C@@H]([C@H](C)C2=CC=CC=C2)CC[C@@H](C)C1,92
C/C(C)=C\C=C(Cl)/Cl,O=S(O[Cu]1[N+]2=C(CC3=[N+]1[C@H](C4=CC=CC=C4)[C@H](C5=CC=CC=C5)O3)O[C@@H](C6=CC=CC=C6)[C@H]2C7=CC=CC=C7)(C(F)(F)F)=O,[N-]=[N+]=CC(OC(C1CCCCC1)C2CCCCC2)=O,92
O=C(C1=CC=C(OC)C=C1)OC/C=C(C)\C,CC(C)(C)[C@H]1COC(C(C)(C)C2=[N+]3[C@@H](C(C)(C)C)CO2)=[N+]1[Cu]3OS(=O)(C(F)(F)F)=O,[N-]=[N+]=CC(OCC)=O,92
O=C(C1=CC=CC=C1)/C=C/C2=CC=CC(F)=C2,O=S(O[Cu]([N+]1=C2OC[C@@H]1C3=CC=CC=C3)[N+]4=C([C@@H]5[C@@H]2CCCC5)OC[C@@H]4C6=CC=CC=C6)(C(F)(F)F)=O,O=S(/N=I/C1=CC=CC=C1)(C2=CC=C(C)C=C2)=O,92
O=C1/C(C(OC(C)(C)O1)=O)=C(C)\C=C\C2=CC=C(OC)C=C2,CC(C)(C)C(C=C1)=CC=C1C(C=C2)=CC3=C2CC4[C@H]3[N+]5=C(C6=CC=CC=[N+]6[Pd]5(OC(C(F)(F)F)=O)OC(C(F)(F)F)=O)O4,OB(C1=CC=CC=C1)O,92
O=C1/C(C(OC(C)(C)O1)=O)=C(C)\C=C\C2=CC(Cl)=CC=C2,CC(C)(C)C(C=C1)=CC=C1C(C=C2)=CC3=C2CC4[C@H]3[N+]5=C(C6=CC=CC=[N+]6[Pd]5(OC(C(F)(F)F)=O)OC(C(F)(F)F)=O)O4,OB(C1=CC=CC=C1)O,92
O=C1/C(C(OC(C)(C)O1)=O)=C(C)\C=C\C2=CC=CC=C2,CC(C)(C)C(C=C1)=CC=C1C(C=C2)=CC3=C2CC4[C@H]3[N+]5=C(C6=CC=CC=[N+]6[Pd]5(OC(C(F)(F)F)=O)OC(C(F)(F)F)=O)O4,ClC1=CC=CC(B(O)O)=C1,92
O=C1/C(C(OC(C)(C)O1)=O)=C(C)\C=C\C2=CC=CC=C2,CC(C)(C)C(C=C1)=CC=C1C(C=C2)=CC3=C2CC4[C@H]3[N+]5=C(C6=CC=CC=[N+]6[Pd]5(OC(C(F)(F)F)=O)OC(C(F)(F)F)=O)O4,ClC1=C(B(O)O)C=CC=C1,92
ClC1=CC=CC(/C=C/[N+]([O-])=O)=C1,CC([C@H]1COC(C2=C(C=CC=C3)C3=CC=[N+]24)=[N+]1[Pd]4(OC(C(F)(F)F)=O)OC(C(F)(F)F)=O)C,CC1=CC=C(B(O)O)C=C1,92
O=[N+](/C=C/C1=C(C=CC=C2)C2=CC=C1)[O-],CC([C@H]1COC(C2=C(C=CC=C3)C3=CC=[N+]24)=[N+]1[Pd]4(OC(C(F)(F)F)=O)OC(C(F)(F)F)=O)C,CC1=CC=C(B(O)O)C=C1,92
O=[N+](/C=C/C1=CC(C)=CC(C)=C1)[O-],CC([C@H]1COC(C2=C(C=CC=C3)C3=CC=[N+]24)=[N+]1[Pd]4(OC(C(F)(F)F)=O)OC(C(F)(F)F)=O)C,CC1=CC=C(B(O)O)C=C1,92
O=[N+](/C=C/C1=CC=C(OC)C(OC)=C1)[O-],CC([C@H]1COC(C2=C(C=CC=C3)C3=CC=[N+]24)=[N+]1[Pd]4(OC(C(F)(F)F)=O)OC(C(F)(F)F)=O)C,CC1=CC=C(B(O)O)C=C1,92
O=[N+](/C=C/C1=CC=CC=C1)[O-],CC([C@H]1COC(C2=C(C=CC=C3)C3=CC=[N+]24)=[N+]1[Pd]4(OC(C(F)(F)F)=O)OC(C(F)(F)F)=O)C,OB(C1=CC=C(C2=CC=CC=C2)C=C1)O,92
O=[N+](/C=C/C1=CC=CC=C1)[O-],CC([C@H]1COC(C2=C(C=CC=C3)C3=CC=[N+]24)=[N+]1[Pd]4(OC(C(F)(F)F)=O)OC(C(F)(F)F)=O)C,CC(C)(C)C1=CC=C(B(O)O)C=C1,92
O=[N+](/C=C/C1=CC=CC=C1)[O-],CC([C@H]1COC(C2=C(C=CC=C3)C3=CC=[N+]24)=[N+]1[Pd]4(OC(C(F)(F)F)=O)OC(C(F)(F)F)=O)C,OB(C1=CC(C)=CC(C)=C1)O,92
O=C1N(/C(O[Si](C)(C)C(C)(C)C)=C/C)CCO1,CC(C1=[N+]2[C@@H](C3=CC=CC=C3)CO1)(C)C4=[N+]([Cu]2OS(=O)(C(F)(F)F)=O)[C@@H](C5=CC=CC=C5)CO4,CC(C=C(C)C=C1C)=C1[I+]C2=CC=C([N+]([O-])=O)C=C2,92
O=C1N(/C(O[Si](C)(C)C)=C/OCC2=CC=CC=C2)CCO1,CC(C1=[N+]2[C@@H](C3=CC=CC=C3)CO1)(C)C4=[N+]([Cu]2OS(=O)(C(F)(F)F)=O)[C@@H](C5=CC=CC=C5)CO4,CC(C=C(C)C=C1C)=C1[I+]C2=CC=C(F)C=C2,92
O=C1N(/C(O[Si](C)(C)C(C)(C)C)=C/C)CCO1,CC(C1=[N+]2[C@@H](C3=CC=CC=C3)CO1)(C)C4=[N+]([Cu]2OS(=O)(C(F)(F)F)=O)[C@@H](C5=CC=CC=C5)CO4,CC1=C([I+]C2=CC=CC(C)=C2)C(C)=CC(C)=C1,92
O=C1N(/C(O[Si](C)(C)C(C)(C)C)=C/C)CCO1,CC(C1=[N+]2[C@@H](C3=CC=CC=C3)CO1)(C)C4=[N+]([Cu]2OS(=O)(C(F)(F)F)=O)[C@@H](C5=CC=CC=C5)CO4,CC1=C([I+]C2=CC=C(C=C2)C3=CC=CC=C3)C(C)=CC(C)=C1,92
O=C1N(/C(O[Si](C)(C)C(C)(C)C)=C/C2CCCC2)CCO1,CC(C1=[N+]2[C@@H](C3=CC=CC=C3)CO1)(C)C4=[N+]([Cu]2OS(=O)(C(F)(F)F)=O)[C@@H](C5=CC=CC=C5)CO4,F[P-](F)(F)(F)(F)F,92
O=C1C=C(C)CCC1,CC(C)(C)[C@H]1COC(C2=CC=CC=[N+]23)=[N+]1[Pd]3(OC(C(F)(F)F)=O)OC(C(F)(F)F)=O,FC1=CC=C(B(O)O)C=C1,92
O=C1C=C(C)CCC1,CC(C)(C)[C@H]1COC(C2=CC=CC=[N+]23)=[N+]1[Pd]3(OC(C(F)(F)F)=O)OC(C(F)(F)F)=O,OB(C1=CC([N+]([O-])=O)=CC=C1)O,92
O=C1C=C(CC)CCC1,CC(C)(C)[C@H]1COC(C2=CC=CC=[N+]23)=[N+]1[Pd]3(OC(C(F)(F)F)=O)OC(C(F)(F)F)=O,OB(C1=CC=CC=C1)O,92
O=C1C=COC2=CC(C)=CC(C)=C21,CC(C)(C)[C@H]1COC(C2=CC=CC=[N+]23)=[N+]1[Pd]3(OC(C(F)(F)F)=O)OC(C(F)(F)F)=O,OB(C1=CC=CC=C1)O,92
FC(C1=CC=CC=C1)=C,CC(C)(C)[C@H]1COC(C(C)(C)C2=[N+]3[C@@H](C(C)(C)C)CO2)=[N+]1[Cu]3OS(=O)(C(F)(F)F)=O,[N-]=[N+]=CC(OC(C)(C)C)=O,93
C=C(F)C1=CC=C(Cl)C=C1,CC(C)(C)[C@H]1COC(C(C)(C)C2=[N+]3[C@@H](C(C)(C)C)CO2)=[N+]1[Cu]3OS(=O)(C(F)(F)F)=O,[N-]=[N+]=CC(OCC)=O,93
O=C1/C(C(OC(C)(C)O1)=O)=C(C)\C=C\C2=C(F)C=CC=C2,CC(C)(C)C(C=C1)=CC=C1C(C=C2)=CC3=C2CC4[C@H]3[N+]5=C(C6=CC=CC=[N+]6[Pd]5(OC(C(F)(F)F)=O)OC(C(F)(F)F)=O)O4,OB(C1=CC=CC=C1)O,93
O=C1/C(C(OC(C)(C)O1)=O)=C(C)\C=C\C2=CC=C(F)C=C2,CC(C)(C)C(C=C1)=CC=C1C(C=C2)=CC3=C2CC4[C@H]3[N+]5=C(C6=CC=CC=[N+]6[Pd]5(OC(C(F)(F)F)=O)OC(C(F)(F)F)=O)O4,OB(C1=CC=CC=C1)O,93
O=C1/C(C(OC(C)(C)O1)=O)=C(C)\C=C\C2=CC(Cl)=C(Cl)C=C2,CC(C)(C)C(C=C1)=CC=C1C(C=C2)=CC3=C2CC4[C@H]3[N+]5=C(C6=CC=CC=[N+]6[Pd]5(OC(C(F)(F)F)=O)OC(C(F)(F)F)=O)O4,OB(C1=CC=CC=C1)O,93
O=C1/C(C(OC(C)(C)O1)=O)=C(C)\C=C\C2=CC=CC=C2,CC(C)(C)C(C=C1)=CC=C1C(C=C2)=CC3=C2CC4[C@H]3[N+]5=C(C6=CC=CC=[N+]6[Pd]5(OC(C(F)(F)F)=O)OC(C(F)(F)F)=O)O4,CC(C)(C)C1=CC=C(B(O)O)C=C1,93
O=C1/C(C(OC(C)(C)O1)=O)=C(C)\C=C\C2=CC=CC=C2,CC(C)(C)C(C=C1)=CC=C1C(C=C2)=CC3=C2CC4[C@H]3[N+]5=C(C6=CC=CC=[N+]6[Pd]5(OC(C(F)(F)F)=O)OC(C(F)(F)F)=O)O4,OB(C1=CC=C(C(OC)=O)C=C1)O,93
O=C1/C(C(OC(C)(C)O1)=O)=C(C)\C=C\C2=CC=CC=C2,CC(C)(C)C(C=C1)=CC=C1C(C=C2)=CC3=C2CC4[C@H]3[N+]5=C(C6=CC=CC=[N+]6[Pd]5(OC(C(F)(F)F)=O)OC(C(F)(F)F)=O)O4,OB(C1=CC2=CC=CC=C2C=C1)O,93
O=[N+](/C=C/C1=CC=CC=C1)[O-],CC([C@H]1COC(C2=C(C=CC=C3)C3=CC=[N+]24)=[N+]1[Pd]4(OC(C(F)(F)F)=O)OC(C(F)(F)F)=O)C,CC1=CC=C(B(O)O)C=C1,93
FC1=CC=C(/C=C/[N+]([O-])=O)C=C1,CC([C@H]1COC(C2=C(C=CC=C3)C3=CC=[N+]24)=[N+]1[Pd]4(OC(C(F)(F)F)=O)OC(C(F)(F)F)=O)C,CC1=CC=C(B(O)O)C=C1,93
O=[N+](/C=C/C1=CC=C(C(F)(F)F)C=C1)[O-],CC([C@H]1COC(C2=C(C=CC=C3)C3=CC=[N+]24)=[N+]1[Pd]4(OC(C(F)(F)F)=O)OC(C(F)(F)F)=O)C,CC1=CC=C(B(O)O)C=C1,93
COC1=CC=CC(/C=C/[N+]([O-])=O)=C1,CC([C@H]1COC(C2=C(C=CC=C3)C3=CC=[N+]24)=[N+]1[Pd]4(OC(C(F)(F)F)=O)OC(C(F)(F)F)=O)C,CC1=CC=C(B(O)O)C=C1,93
ClC1=C(/C=C/[N+]([O-])=O)C=CC=C1,CC([C@H]1COC(C2=C(C=CC=C3)C3=CC=[N+]24)=[N+]1[Pd]4(OC(C(F)(F)F)=O)OC(C(F)(F)F)=O)C,OB(C1=CC=CC=C1)O,93
O=C1N(/C(O[Si](C)(C)C(C)(C)C)=C/C)CCO1,CC(C1=[N+]2[C@@H](C3=CC=CC=C3)CO1)(C)C4=[N+]([Cu]2OS(=O)(C(F)(F)F)=O)[C@@H](C5=CC=CC=C5)CO4,O=S([O-])(C(F)(F)F)=O,93
O=C1N(/C(O[Si](C)(C)C(C)(C)C)=C/C)CCO1,CC(C1=[N+]2[C@@H](C3=CC=CC=C3)CO1)(C)C4=[N+]([Cu]2OS(=O)(C(F)(F)F)=O)[C@@H](C5=CC=CC=C5)CO4,CC(C=C(C)C=C1C)=C1[I+]C2=CC=C(F)C=C2,93
O=C1N(/C(O[Si](C)(C)C(C)(C)C)=C/C)CCO1,CC(C1=[N+]2[C@@H](C3=CC=CC=C3)CO1)(C)C4=[N+]([Cu]2OS(=O)(C(F)(F)F)=O)[C@@H](C5=CC=CC=C5)CO4,CC(C=C(C)C=C1C)=C1[I+]C2=CC=C(C(OCC)=O)C=C2,93
O=C1N(/C(O[Si](C)(C)C(C)(C)C)=C/C)CCO1,CC(C1=[N+]2[C@@H](C3=CC=CC=C3)CO1)(C)C4=[N+]([Cu]2OS(=O)(C(F)(F)F)=O)[C@@H](C5=CC=CC=C5)CO4,CC(C=C(C)C=C1C)=C1[I+]C2=CC=C(C(CC)C)C=C2,93
O=C1N(/C(O[Si](C)(C)C(C)(C)C)=C/C)CCO1,CC(C1=[N+]2[C@@H](C3=CC=CC=C3)CO1)(C)C4=[N+]([Cu]2OS(=O)(C(F)(F)F)=O)[C@@H](C5=CC=CC=C5)CO4,CC1=C([I+]C2=CC=CC=C2)C(C)=CC(C)=C1,93
O=C1C=C(C)CCC1,CC(C)(C)[C@H]1COC(C2=CC=CC=[N+]23)=[N+]1[Pd]3(OC(C(F)(F)F)=O)OC(C(F)(F)F)=O,OB(C1=CC=CC=C1)O,93
O=C1C=C(C)CCCC1,CC(C)(C)[C@H]1COC(C2=CC=CC=[N+]23)=[N+]1[Pd]3(OC(C(F)(F)F)=O)OC(C(F)(F)F)=O,OB(C1=CC=CC=C1)O,93
O=C1C=COC2=CC=CC=C21,CC(C)(C)[C@H]1COC(C2=CC=CC=[N+]23)=[N+]1[Pd]3(OC(C(F)(F)F)=O)OC(C(F)(F)F)=O,OB(C1=CC(C(OC)=O)=CC=C1)O,93
O=C1C=COC2=CC(OC(C)=O)=CC=C21,CC(C)(C)[C@H]1COC(C2=CC=CC=[N+]23)=[N+]1[Pd]3(OC(C(F)(F)F)=O)OC(C(F)(F)F)=O,OB(C1=CC=CC=C1)O,93
O=C1C=COC2=CC(O)=CC=C21,CC(C)(C)[C@H]1COC(C2=CC=CC=[N+]23)=[N+]1[Pd]3(OC(C(F)(F)F)=O)OC(C(F)(F)F)=O,OB(C1=CC=CC=C1)O,93
O=C1C=COC2=CC(O)=CC=C21,CC(C)(C)[C@H]1COC(C2=CC=CC=[N+]23)=[N+]1[Pd]3(OC(C(F)(F)F)=O)OC(C(F)(F)F)=O,FC1=CC=C(B(O)O)C=C1,93
C=CC1=CC=CC=C1,CC(C)[C@H]1COC(C(C)(C)C2=[N+]3[C@@H](C(C)C)CO2)=[N+]1[Cu]3OS(=O)(C(F)(F)F)=O,[N-]=[N+]=CC(OCC)=O,94
C=CC1=CC=CC=C1,CC(C)(C)[C@H]1COC(CC2=[N+]3[C@@H](C(C)(C)C)CO2)=[N+]1[Cu]3OS(=O)(C(F)(F)F)=O,[N-]=[N+]=CC(OC(C)(C)C)=O,94
C/C(C)=C/C=C(C)/C,O=S(O[Cu]1[N+]2=C(CC3=[N+]1[C@H](C4=CC=CC=C4)[C@H](C5=CC=CC=C5)O3)O[C@@H](C6=CC=CC=C6)[C@H]2C7=CC=CC=C7)(C(F)(F)F)=O,O=C(C=[N+]=[N-])OC1=C(C(C)(C)C)C=C(C)C=C1C(C)(C)C,94
C/C(C)=C/C=C(C)/C,O=S(O[Cu]1[N+]2=C(CC3=[N+]1[C@H](C4=CC=CC=C4)[C@H](C5=CC=CC=C5)O3)O[C@@H](C6=CC=CC=C6)[C@H]2C7=CC=CC=C7)(C(F)(F)F)=O,[N-]=[N+]=CC(OC(C1CCCCC1)C2CCCCC2)=O,94
O=C(/C=C/C1=CC=CC=C1)OC,CC(C1=[N+]2[C@@H](C3=CC=CC=C3)CO1)(C)C4=[N+]([Cu]2OS(=O)(C(F)(F)F)=O)[C@@H](C5=CC=CC=C5)CO4,O=S(/N=I/C1=CC=CC=C1)(C2=CC=C(C)C=C2)=O,94
O=C(C1=CC=CC=C1)/C=C/C2=CC=C(C)C=C2,O=S(O[Cu]([N+]1=C2OC[C@@H]1C3=CC=CC=C3)[N+]4=C([C@@H]5[C@@H]2CCCC5)OC[C@@H]4C6=CC=CC=C6)(C(F)(F)F)=O,O=S(/N=I/C1=CC=CC=C1)(C2=CC=C(C)C=C2)=O,94
O=C1/C(C(OC(C)(C)O1)=O)=C(C)\C=C\C2=CC=CC=C2,CC(C)(C)C(C=C1)=CC=C1C(C=C2)=CC3=C2CC4[C@H]3[N+]5=C(C6=CC=CC=[N+]6[Pd]5(OC(C(F)(F)F)=O)OC(C(F)(F)F)=O)O4,FC1=CC=CC(B(O)O)=C1,94
O=C1/C(C(OC(C)(C)O1)=O)=C(C)\C=C\C2=CC=CC=C2,CC(C)(C)C(C=C1)=CC=C1C(C=C2)=CC3=C2CC4[C@H]3[N+]5=C(C6=CC=CC=[N+]6[Pd]5(OC(C(F)(F)F)=O)OC(C(F)(F)F)=O)O4,OB(C1=CC(C)=CC(C)=C1)O,94
ClC1=CC=C(/C=C/[N+]([O-])=O)C=C1,CC([C@H]1COC(C2=C(C=CC=C3)C3=CC=[N+]24)=[N+]1[Pd]4(OC(C(F)(F)F)=O)OC(C(F)(F)F)=O)C,CC1=CC=C(B(O)O)C=C1,94
O=C1N(/C(O[Si](C)(C)C(C)(C)C)=C/C)CCO1,CC(C1=[N+]2[C@@H](C3=CC=CC=C3)CO1)(C)C4=[N+]([Cu]2OS(=O)(C(F)(F)F)=O)[C@@H](C5=CC=CC=C5)CO4,CC(C=C(C)C=C1C)=C1[I+]C2=CC=C(Cl)C=C2,94
O=C1N(/C(O[Si](C)(C)C)=C/CCC2CCN(CC2)C(OCC3=CC=CC=C3)=O)CCO1,CC(C1=[N+]2[C@@H](C3=CC=CC=C3)CO1)(C)C4=[N+]([Cu]2OS(=O)(C(F)(F)F)=O)[C@@H](C5=CC=CC=C5)CO4,CC(C=C(C)C=C1C)=C1[I+]C2=CC=C(Cl)C=C2,94
O=C1N(/C(O[Si](C)(C)C(C)(C)C)=C/C)CCO1,CC(C1=[N+]2[C@@H](C3=CC=CC=C3)CO1)(C)C4=[N+]([Cu]2OS(=O)(C(F)(F)F)=O)[C@@H](C5=CC=CC=C5)CO4,CC1=C([I+]C2=CC3=C(C=C2)C=CC=C3)C(C)=CC(C)=C1,94
O=C1N(/C(O[Si](C)(C)C(C)(C)C)=C/C)CCO1,CC(C1=[N+]2[C@@H](C3=CC=CC=C3)CO1)(C)C4=[N+]([Cu]2OS(=O)(C(F)(F)F)=O)[C@@H](C5=CC=CC=C5)CO4,CC1=C([I+]C2=CC3=C(C=C2)C=C(OC)C=C3)C(C)=CC(C)=C1,94
O=C1C=COC2=CC=CC=C21,CC(C)(C)[C@H]1COC(C2=CC=CC=[N+]23)=[N+]1[Pd]3(OC(C(F)(F)F)=O)OC(C(F)(F)F)=O,OB(C1=CC=CC=C1)O,94
O=C1C=COC2=CC=CC=C21,CC(C)(C)[C@H]1COC(C2=CC=CC=[N+]23)=[N+]1[Pd]3(OC(C(F)(F)F)=O)OC(C(F)(F)F)=O,ClC1=CC=CC(B(O)O)=C1,94
O=C1C=COC2=CC=CC=C21,CC(C)(C)[C@H]1COC(C2=CC=CC=[N+]23)=[N+]1[Pd]3(OC(C(F)(F)F)=O)OC(C(F)(F)F)=O,CC1=CC=C(B(O)O)C=C1,94
O=C1C=COC2=CC(OC)=CC=C21,CC(C)(C)[C@H]1COC(C2=CC=CC=[N+]23)=[N+]1[Pd]3(OC(C(F)(F)F)=O)OC(C(F)(F)F)=O,OB(C1=CC=CC=C1)O,94
C/C(C)=C/C=C(C)/C,CC1(C)OC(C2(CC2)C3=[N+]4[C@H](C5=CC=C(C=CC=C6)C6=C5)C(C)(C)O3)=[N+]([Cu]4OS(=O)(C(F)(F)F)=O)[C@@H]1C7=CC(C=CC=C8)=C8C=C7,[N-]=[N+]=CC(OC(C)(C)C)=O,95
O=C(/C=C/C1=C(C=CC=C2)C2=CC=C1)OC,CC(C1=[N+]2[C@@H](C3=CC=CC=C3)CO1)(C)C4=[N+]([Cu]2OS(=O)(C(F)(F)F)=O)[C@@H](C5=CC=CC=C5)CO4,O=S(/N=I/C1=CC=CC=C1)(C2=CC=C(C)C=C2)=O,95
O=C(C1=CC=CC=C1)/C=C/C2=CC=C(Cl)C=C2,O=S(O[Cu]([N+]1=C2OC[C@@H]1C3=CC=CC=C3)[N+]4=C([C@@H]5[C@@H]2CCCC5)OC[C@@H]4C6=CC=CC=C6)(C(F)(F)F)=O,O=S(/N=I/C1=CC=CC=C1)(C2=CC=C(C)C=C2)=O,95
O=C(C1=CC=C(Cl)C=C1)/C=C/C2=CC=C(Cl)C=C2,O=S(O[Cu]([N+]1=C2OC[C@@H]1C3=CC=CC=C3)[N+]4=C([C@@H]5[C@@H]2CCCC5)OC[C@@H]4C6=CC=CC=C6)(C(F)(F)F)=O,O=S(/N=I/C1=CC=CC=C1)(C2=CC=C(C)C=C2)=O,95
O=C1/C(C(OC(C)(C)O1)=O)=C(C)\C=C\C2=CC=CC=C2,CC(C)(C)C(C=C1)=CC=C1C(C=C2)=CC3=C2CC4[C@H]3[N+]5=C(C6=CC=CC=[N+]6[Pd]5(OC(C(F)(F)F)=O)OC(C(F)(F)F)=O)O4,FC1=C(B(O)O)C=CC=C1,95
O=[N+](/C=C/C1=CC=CC=C1)[O-],CC([C@H]1COC(C2=C(C=CC=C3)C3=CC=[N+]24)=[N+]1[Pd]4(OC(C(F)(F)F)=O)OC(C(F)(F)F)=O)C,OB(C1=CC=C(OCO2)C2=C1)O,95
O=C1N(/C(O[Si](C)(C)C(C)(C)C)=C/C)CCO1,CC(C1=[N+]2[C@@H](C3=CC=CC=C3)CO1)(C)C4=[N+]([Cu]2OS(=O)(C(F)(F)F)=O)[C@@H](C5=CC=CC=C5)CO4,CC1=C([I+]C2=CC=C(C=C2)F)C(C)=CC(C)=C1,95
O=C1N(/C(O[Si](C)(C)C(C)(C)C)=C/C)CCO1,CC(C1=[N+]2[C@@H](C3=CC=CC=C3)CO1)(C)C4=[N+]([Cu]2OS(=O)(C(F)(F)F)=O)[C@@H](C5=CC=CC=C5)CO4,CC1=C([I+]C2=CC=C(C=C2)C(F)(F)F)C(C)=CC(C)=C1,95
O=C1N(/C(O[Si](C)(C)C(C)(C)C)=C/OCC2=CC=CC=C2)CCO1,CC(C1=[N+]2[C@@H](C3=CC=CC=C3)CO1)(C)C4=[N+]([Cu]2OS(=O)(C(F)(F)F)=O)[C@@H](C5=CC=CC=C5)CO4,F[P-](F)(F)(F)(F)F,95
O=C1C=C(C)CCC1,CC(C)(C)[C@H]1COC(C2=CC=CC=[N+]23)=[N+]1[Pd]3(OC(C(F)(F)F)=O)OC(C(F)(F)F)=O,ClC1=CC=C(B(O)O)C=C1,95
O=C1C=C(C)CCC1,CC(C)(C)[C@H]1COC(C2=CC=CC=[N+]23)=[N+]1[Pd]3(OC(C(F)(F)F)=O)OC(C(F)(F)F)=O,OB(C1=CC(C(OC)=O)=CC=C1)O,95
O=C1C=COC2=CC=CC=C21,CC(C)(C)[C@H]1COC(C2=CC=CC=[N+]23)=[N+]1[Pd]3(OC(C(F)(F)F)=O)OC(C(F)(F)F)=O,OB(C1=CC(OC)=CC(OC)=C1)O,95
O=C1C=COC2=C(C(C)=O)C(C)=CC(C)=C21,CC(C)(C)[C@H]1COC(C2=CC=CC=[N+]23)=[N+]1[Pd]3(OC(C(F)(F)F)=O)OC(C(F)(F)F)=O,OB(C1=CC=CC=C1)O,95
O=C1C=COC2=C(C(C)=O)C(C)=CC(C)=C21,CC(C)(C)[C@H]1COC(C2=CC=CC=[N+]23)=[N+]1[Pd]3(OC(C(F)(F)F)=O)OC(C(F)(F)F)=O,BrC1=CC=CC(B(O)O)=C1,95
O=C1C=COC2=CC(C)=CC(C)=C21,CC(C)(C)[C@H]1COC(C2=CC=CC=[N+]23)=[N+]1[Pd]3(OC(C(F)(F)F)=O)OC(C(F)(F)F)=O,OB(C1=CC=C(OC)C=C1)O,95
C=CC1=CC=CC=C1,CC(C)(C)[C@H]1COC(C(C)(C)C2=[N+]3[C@@H](C(C)(C)C)CO2)=[N+]1[Cu]3OS(=O)(C(F)(F)F)=O,[N-]=[N+]=CC(OCC)=O,96
C=CC1=CC=C(OC)C=C1,CC(C)(C)[C@H]1COC(C(C)(C)C2=[N+]3[C@@H](C(C)(C)C)CO2)=[N+]1[Cu]3OS(=O)(C(F)(F)F)=O,O=C(C=[N+]=[N-])OC1=C(C(C)(C)C)C=C(C)C=C1C(C)(C)C,96
C=CC1=CC=CC=C1,CC1(C)O[C@@H](C2=[N+]3[C@@H](C(C)C)CO2)[C@H](C4=[N+]([Cu]3OS(=O)(C(F)(F)F)=O)[C@@H](C(C)C)CO4)O1,O=C(C=[N+]=[N-])OC1C(C(C)(C)C2=CC=CC=C2)CCC(C)C1,96
C/C(C)=C/C=C(C)/C,CC1(C)OC(C(C)(C)C2=[N+]3[C@H](C4=CC=C(C=CC=C5)C5=C4)C(C)(C)O2)=[N+]([Cu]3OS(=O)(C(F)(F)F)=O)[C@@H]1C6=CC(C=CC=C7)=C7C=C6,[N-]=[N+]=CC(OC(C)(C)C)=O,96
O=C(/C=C/C1=CC=CC=C1)OC(C)(C)C,CC(C1=[N+]2[C@@H](C3=CC=CC=C3)CO1)(C)C4=[N+]([Cu]2OS(=O)(C(F)(F)F)=O)[C@@H](C5=CC=CC=C5)CO4,O=S(/N=I/C1=CC=CC=C1)(C2=CC=C(C)C=C2)=O,96
O=C(/C=C/C1=CC(C=CC=C2)=C2C=C1)OC,CC(C1=[N+]2[C@@H](C3=CC=CC=C3)CO1)(C)C4=[N+]([Cu]2OS(=O)(C(F)(F)F)=O)[C@@H](C5=CC=CC=C5)CO4,O=S(/N=I/C1=CC=CC=C1)(C2=CC=C(C)C=C2)=O,96
O=C1/C(C(OC(C)(C)O1)=O)=C(C)\C=C\C2=C(OC)C=CC=C2,CC(C)(C)C(C=C1)=CC=C1C(C=C2)=CC3=C2CC4[C@H]3[N+]5=C(C6=CC=CC=[N+]6[Pd]5(OC(C(F)(F)F)=O)OC(C(F)(F)F)=O)O4,OB(C1=CC=CC=C1)O,96
ClC1=C(/C=C/[N+]([O-])=O)C=CC=C1,CC([C@H]1COC(C2=C(C=CC=C3)C3=CC=[N+]24)=[N+]1[Pd]4(OC(C(F)(F)F)=O)OC(C(F)(F)F)=O)C,CC1=CC=C(B(O)O)C=C1,96
O=[N+](/C=C/C1=CC=CC=C1)[O-],CC([C@H]1COC(C2=C(C=CC=C3)C3=CC=[N+]24)=[N+]1[Pd]4(OC(C(F)(F)F)=O)OC(C(F)(F)F)=O)C,OB(C1=CC=C(OC)C=C1)O,96
O=C1C=C(C)CCC1,CC(C)(C)[C@H]1COC(C2=CC=CC=[N+]23)=[N+]1[Pd]3(OC(C(F)(F)F)=O)OC(C(F)(F)F)=O,OB(C1=CC=C(C(C)=O)C=C1)O,96
O=C1C=C(C)CCC1,CC(C)(C)[C@H]1COC(C2=CC=CC=[N+]23)=[N+]1[Pd]3(OC(C(F)(F)F)=O)OC(C(F)(F)F)=O,OB(C1=CC=C(C(F)(F)F)C=C1)O,96
O=C1C=C(C)CCC1,CC(C)(C)[C@H]1COC(C2=CC=CC=[N+]23)=[N+]1[Pd]3(OC(C(F)(F)F)=O)OC(C(F)(F)F)=O,ClC1=CC=CC(B(O)O)=C1,96
O=C1C=COC2=CC(OC)=CC=C21,CC(C)(C)[C@H]1COC(C2=CC=CC=[N+]23)=[N+]1[Pd]3(OC(C(F)(F)F)=O)OC(C(F)(F)F)=O,OB(C1=CC(C(OC)=O)=CC=C1)O,96
C=CC1=CC=CC=C1,CC(C)(C)[C@H]1COC(C(C)(C)C2=[N+]3[C@@H](C(C)(C)C)CO2)=[N+]1[Cu]3OS(=O)(C(F)(F)F)=O,CC1=CC=CC(C)=C1OC(C=[N+]=[N-])=O,97
O=C(OC1=CC=CC=C1)/C=C/C2=CC=CC=C2,CC(C1=[N+]2[C@@H](C3=CC=CC=C3)CO1)(C)C4=[N+]([Cu]2OS(=O)(C(F)(F)F)=O)[C@@H](C5=CC=CC=C5)CO4,O=S(/N=I/C1=CC=CC=C1)(C2=CC=C(C)C=C2)=O,97
O=C(C1=CC=C(OC)C=C1)/C=C/C2=CC=CC=C2,O=S(O[Cu]([N+]1=C2OC[C@@H]1C3=CC=CC=C3)[N+]4=C([C@@H]5[C@@H]2CCCC5)OC[C@@H]4C6=CC=CC=C6)(C(F)(F)F)=O,O=S(/N=I/C1=CC=CC=C1)(C2=CC=C(C)C=C2)=O,97
C=CC1=CC=CC=C1,CC(C)(C)[C@H]1COC(CC2=[N+]3[C@@H](C(C)(C)C)CO2)=[N+]1[Cu]3OS(=O)(C(F)(F)F)=O,O=C(C=[N+]=[N-])O[C@@H]1[C@H]([C@@H](C)C2=CC=CC=C2)CC[C@H](C)C1,98
C=CC1=CC=CC=C1,CC(C)(C)[C@H]1COC(CC2=[N+]3[C@@H](C(C)(C)C)CO2)=[N+]1[Cu]3OS(=O)(C(F)(F)F)=O,O=C(C=[N+]=[N-])O[C@H]1[C@@H]([C@H](C)C2=CC=CC=C2)CC[C@@H](C)C1,98
O=C(C1=CC=C(C(C)(C)C)C=C1)/C=C/C2=CC=C([H])C=C2,O=S(O[Cu]([N+]1=C2OC[C@@H]1C3=CC=CC=C3)[N+]4=C([C@@H]5[C@@H]2CCCC5)OC[C@@H]4C6=CC=CC=C6)(C(F)(F)F)=O,O=S(/N=I/C1=CC=CC=C1)(C2=CC=C(C)C=C2)=O,98
O=C1C=COC2=CC=CC=C21,CC(C)(C)[C@H]1COC(C2=CC=CC=[N+]23)=[N+]1[Pd]3(OC(C(F)(F)F)=O)OC(C(F)(F)F)=O,OB(C1=CC(NC(C(F)(F)F)=O)=CC=C1)O,98
C=C(C1=CC=CC=C1)C2=CC=CC=C2,CC(C)(C)[C@H]1COC(C(C)(C)C2=[N+]3[C@@H](C(C)(C)C)CO2)=[N+]1[Cu]3OS(=O)(C(F)(F)F)=O,[N-]=[N+]=CC(OCC)=O,99
C=CC1=CC=CC=C1,CC(C)(C)[C@H]1COC(C(C)(C)C2=[N+]3[C@@H](C(C)(C)C)CO2)=[N+]1[Cu]3OS(=O)(C(F)(F)F)=O,O=C(C=[N+]=[N-])OC1=C(C(C)(C)C)C=C(C)C=C1C(C)(C)C,99
C=CCC1=CC=CC=C1,CC(C)(C)[C@H]1COC(C(C)(C)C2=[N+]3[C@@H](C(C)(C)C)CO2)=[N+]1[Cu]3OS(=O)(C(F)(F)F)=O,O=C(C=[N+]=[N-])OC1=C(C(C)(C)C)C=C(C)C=C1C(C)(C)C,99
CC(C)=C,CC(C)(C)[C@H]1COC(C(C)(C)C2=[N+]3[C@@H](C(C)(C)C)CO2)=[N+]1[Cu]3OS(=O)(C(F)(F)F)=O,[N-]=[N+]=CC(OCC)=O,99
O=C(C1=CC=C(C)C=C1)/C=C/C2=CC=C(C)C=C2,O=S(O[Cu]([N+]1=C2OC[C@@H]1C3=CC=CC=C3)[N+]4=C([C@@H]5[C@@H]2CCCC5)OC[C@@H]4C6=CC=CC=C6)(C(F)(F)F)=O,O=S(/N=I/C1=CC=CC=C1)(C2=CC=C(C)C=C2)=O,99
O=C(C1=CC=C(C)C=C1)/C=C/C2=CC=C([H])C=C2,O=S(O[Cu]([N+]1=C2OC[C@@H]1C3=CC=CC=C3)[N+]4=C([C@@H]5[C@@H]2CCCC5)OC[C@@H]4C6=CC=CC=C6)(C(F)(F)F)=O,O=S(/N=I/C1=CC=CC=C1)(C2=CC=C(C)C=C2)=O,99
C=CC1=CC=C(F)C=C1,CC(C)(C)[C@H]1COC(C(C)(C)C2=[N+]3[C@@H](C(C)(C)C)CO2)=[N+]1[Cu]3OS(=O)(C(F)(F)F)=O,O=C(C=[N+]=[N-])OC1=C(C(C)(C)C)C=C(C)C=C1C(C)(C)C,99.4
